s_m,x_m,y_m,curvature_1_m,track_width_m,is_closed
0,0,0,-0.10958904109589,3,0
0.159261294244483,0.00138978169792914,0.159253208740212,-0.10958904109589,3,0
0.318522588488965,0.00555870345075071,0.318457907410321,-0.10958904109589,3,0
0.477783882733448,0.012505495364513,0.477565600716862,-0.10958904109589,3,0
0.63704517697793,0.0222280413791047,0.636527822915143,-0.10958904109589,3,0
0.796306471222413,0.0347233799128226,0.795296152572381,-0.10958904109589,3,0
0.955567765466895,0.0499877047645061,0.953822227317338,-0.10958904109589,3,0
1.11482905971138,0.0680163662729374,1.11205775857197,-0.10958904109589,3,0
1.27409035395586,0.0888038727331697,1.2699545462606,-0.10958904109589,3,0
1.43335164820034,0.112343892069369,1.42746449349211,-0.10958904109589,3,0
1.59261294244483,0.138629253763602,1.58453962121074,-0.10958904109589,3,0
1.75187423668931,0.167651951040066,1.74113208281097,-0.10958904109589,3,0
1.91113553093379,0.199403143304023,1.89719417871205,-0.10958904109589,3,0
2.07039682517827,0.233873158834728,2.05267837088777,-0.10958904109589,3,0
2.22965811942276,0.271051497731532,2.20753729734697,-0.10958904109589,3,0
2.38891941366724,0.310926835112252,2.3617237865605,-0.10958904109589,3,0
2.54818070791172,0.35348702456284,2.51519087183012,-0.10958904109589,3,0
2.7074420021562,0.398719101837301,2.66789180559497,-0.10958904109589,3,0
2.86670329640069,0.446609288806725,2.81978007367139,-0.10958904109589,3,0
3.02596459064517,0.497142997656233,2.97080940942155,-0.10958904109589,3,0
3.18522588488965,0.550304835328586,3.12093380784673,-0.10958904109589,3,0
3.34448717913413,0.606078608213034,3.27010753960086,-0.10958904109589,3,0
3.50374847337862,0.664447327078065,3.4182851649202,-0.10958904109589,3,0
3.6630097676231,0.725393212246482,3.56542154746462,-0.10958904109589,3,0
3.82227106186758,0.788897699011267,3.71147186806668,-0.10958904109589,3,0
3.98153235611206,0.854941443290569,3.85639163838388,-0.10958904109589,3,0
4.14079365035655,0.923504327520101,4.00013671445033,-0.10958904109589,3,0
4.30005494460103,0.994565466781143,4.14266331012336,-0.10958904109589,3,0
4.45931623884551,1.06810321516229,4.28392801042125,-0.10958904109589,3,0
4.61857753308999,1.14409517235301,4.42388778474783,-0.10958904109589,3,0
4.77783882733448,1.222518190467,4.5625,-0.10958904109589,3,0
4.93710012157896,1.30334838109323,4.69972243355424,-0.10958904109589,3,0
5.09636141582344,1.38656112257261,4.83551328612799,-0.10958904109589,3,0
5.25562271006793,1.47213106749801,4.96983119451212,-0.10958904109589,3,0
5.41488400431241,1.56003215043525,5.10263524417057,-0.10958904109589,3,0
5.57414529855689,1.65023759586295,5.2338849817033,-0.10958904109589,3,0
5.73340659280137,1.7427199263286,5.36354042716882,-0.10958904109589,3,0
5.89266788704585,1.83745097081845,5.49156208626244,-0.10958904109589,3,0
6.05192918129034,1.93440187333866,5.61791096234663,-0.10958904109589,3,0
6.21119047553482,2.03354310170514,5.74254856832977,-0.10958904109589,3,0
6.3704517697793,2.13484445653933,5.86543693838967,-0.10958904109589,3,0
6.52971306402379,2.23827508046721,5.98653863953838,-0.10958904109589,3,0
6.68897435826827,2.34380346751878,6.10581678302458,-0.10958904109589,3,0
6.84823565251275,2.45139747272507,6.2232350355703,-0.10958904109589,3,0
7.00749694675723,2.56102432190981,6.33875763043835,-0.10958904109589,3,0
7.16675824100172,2.67265062167275,6.45234937832725,-0.10958904109589,3,0
7.3260195352462,2.78624236956165,6.56397567809019,-0.10958904109589,3,0
7.48528082949068,2.9017649644297,6.67360252727493,-0.10958904109589,3,0
7.64454212373516,3.01918321697542,6.78119653248122,-0.10958904109589,3,0
7.80380341797965,3.13846136046162,6.88672491953279,-0.10958904109589,3,0
7.96306471222413,3.25956306161033,6.99015554346067,-0.10958904109589,3,0
8.12232600646861,3.38245143167023,7.09145689829486,-0.10958904109589,3,0
8.28158730071309,3.50708903765337,7.19059812666134,-0.10958904109589,3,0
8.44084859495758,3.63343791373756,7.28754902918155,-0.10958904109589,3,0
8.60010988920206,3.76145957283118,7.3822800736714,-0.10958904109589,3,0
8.75937118344654,3.8911150182967,7.47476240413705,-0.10958904109589,3,0
8.91863247769102,4.02236475582944,7.56496784956476,-0.10958904109589,3,0
9.07789377193551,4.15516880548788,7.65286893250199,-0.10958904109589,3,0
9.23715506617999,4.28948671387201,7.73843887742739,-0.10958904109589,3,0
9.39641636042447,4.42527756644576,7.82165161890677,-0.10958904109589,3,0
9.55567765466895,4.5625,7.902481809533,-0.10958904109589,3,0
9.71493894891344,4.70111221525217,7.98090482764699,-0.10958904109589,3,0
9.87420024315792,4.84107198957875,8.05689678483771,-0.10958904109589,3,0
10.0334615374024,4.98233668987664,8.13043453321886,-0.10958904109589,3,0
10.1927228316469,5.12486328554967,8.2014956724799,-0.10958904109589,3,0
10.3519841258914,5.26860836161612,8.27005855670943,-0.10958904109589,3,0
10.5112454201359,5.41352813193332,8.33610230098873,-0.10958904109589,3,0
10.6705067143803,5.55957845253538,8.39960678775352,-0.10958904109589,3,0
10.8297680086248,5.7067148350798,8.46055267292193,-0.10958904109589,3,0
10.9890293028693,5.85489246039913,8.51892139178697,-0.10958904109589,3,0
11.1482905971138,6.00406619215327,8.57469516467141,-0.10958904109589,3,0
11.3075518913583,6.15419059057844,8.62785700234376,-0.10958904109589,3,0
11.4668131856027,6.3052199263286,8.67839071119328,-0.10958904109589,3,0
11.6260744798472,6.45710819440503,8.7262808981627,-0.10958904109589,3,0
11.7853357740917,6.60980912816988,8.77151297543716,-0.10958904109589,3,0
11.9445970683362,6.7632762134395,8.81407316488775,-0.10958904109589,3,0
12.1038583625807,6.91746270265303,8.85394850226847,-0.10958904109589,3,0
12.2631196568252,7.07232162911223,8.89112684116527,-0.10958904109589,3,0
12.4223809510696,7.22780582128795,8.92559685669598,-0.10958904109589,3,0
12.5816422453141,7.38386791718903,8.95734804895993,-0.10958904109589,3,0
12.7409035395586,7.54046037878926,8.9863707462364,-0.10958904109589,3,0
12.9001648338031,7.69753550650789,9.01265610793063,-0.10958904109589,3,0
13.0594261280476,7.8550454537394,9.03619612726683,-0.10958904109589,3,0
13.2186874222921,8.01294224142803,9.05698363372706,-0.10958904109589,3,0
13.3779487165365,8.17117777268266,9.07501229523549,-0.10958904109589,3,0
13.537210010781,8.32970384742762,9.09027662008718,-0.10958904109589,3,0
13.6964713050255,8.48847217708486,9.1027719586209,-0.10958904109589,3,0
13.85573259927,8.64743439928314,9.11249450463549,-0.10958904109589,3,0
14.0149938935145,8.80654209258968,9.11944129654925,-0.10958904109589,3,0
14.1742551877589,8.96574679125979,9.12361021830207,-0.10958904109589,3,0
14.3335164820034,9.125,9.125,-0.10958904109589,3,0
14.4927777762479,9.28425320874021,9.12361021830207,-0.10958904109589,3,0
14.6520390704924,9.44345790741032,9.11944129654925,-0.10958904109589,3,0
14.8113003647369,9.60256560071686,9.11249450463549,-0.10958904109589,3,0
14.9705616589814,9.76152782291514,9.1027719586209,-0.10958904109589,3,0
15.1298229532258,9.92029615257238,9.09027662008718,-0.10958904109589,3,0
15.2890842474703,10.0788222273173,9.07501229523549,-0.10958904109589,3,0
15.4483455417148,10.237057758572,9.05698363372706,-0.10958904109589,3,0
15.6076068359593,10.3949545462606,9.03619612726683,-0.10958904109589,3,0
15.7668681302038,10.5524644934921,9.01265610793063,-0.10958904109589,3,0
15.9261294244483,10.7095396212107,8.9863707462364,-0.10958904109589,3,0
16.0853907186927,10.866132082811,8.95734804895993,-0.10958904109589,3,0
16.2446520129372,11.0221941787121,8.92559685669598,-0.10958904109589,3,0
16.4039133071817,11.1776783708878,8.89112684116527,-0.10958904109589,3,0
16.5631746014262,11.332537297347,8.85394850226847,-0.10958904109589,3,0
16.7224358956707,11.4867237865605,8.81407316488775,-0.10958904109589,3,0
16.8816971899152,11.6401908718301,8.77151297543716,-0.10958904109589,3,0
17.0409584841596,11.792891805595,8.7262808981627,-0.10958904109589,3,0
17.2002197784041,11.9447800736714,8.67839071119328,-0.10958904109589,3,0
17.3594810726486,12.0958094094216,8.62785700234377,-0.10958904109589,3,0
17.5187423668931,12.2459338078467,8.57469516467141,-0.10958904109589,3,0
17.6780036611376,12.3951075396009,8.51892139178697,-0.10958904109589,3,0
17.837264955382,12.5432851649202,8.46055267292193,-0.10958904109589,3,0
17.9965262496265,12.6904215474646,8.39960678775352,-0.10958904109589,3,0
18.155787543871,12.8364718680667,8.33610230098873,-0.10958904109589,3,0
18.3150488381155,12.9813916383839,8.27005855670943,-0.10958904109589,3,0
18.47431013236,13.1251367144503,8.2014956724799,-0.10958904109589,3,0
18.6335714266045,13.2676633101234,8.13043453321886,-0.10958904109589,3,0
18.7928327208489,13.4089280104213,8.05689678483771,-0.10958904109589,3,0
18.9520940150934,13.5488877847478,7.98090482764699,-0.10958904109589,3,0
19.1113553093379,13.6875,7.902481809533,-0.10958904109589,3,0
19.2706166035824,13.8247224335542,7.82165161890677,-0.10958904109589,3,0
19.4298778978269,13.960513286128,7.73843887742739,-0.10958904109589,3,0
19.5891391920714,14.0948311945121,7.65286893250199,-0.10958904109589,3,0
19.7484004863158,14.2276352441706,7.56496784956476,-0.10958904109589,3,0
19.9076617805603,14.3588849817033,7.47476240413705,-0.10958904109589,3,0
20.0669230748048,14.4885404271688,7.3822800736714,-0.10958904109589,3,0
20.2261843690493,14.6165620862624,7.28754902918155,-0.10958904109589,3,0
20.3854456632938,14.7429109623466,7.19059812666134,-0.10958904109589,3,0
20.5447069575383,14.8675485683298,7.09145689829486,-0.10958904109589,3,0
20.7039682517827,14.9904369383897,6.99015554346067,-0.10958904109589,3,0
20.8632295460272,15.1115386395384,6.8867249195328,-0.10958904109589,3,0
21.0224908402717,15.2308167830246,6.78119653248122,-0.10958904109589,3,0
21.1817521345162,15.3482350355703,6.67360252727493,-0.10958904109589,3,0
21.3410134287607,15.4637576304384,6.56397567809019,-0.10958904109589,3,0
21.5002747230051,15.5773493783272,6.45234937832725,-0.10958904109589,3,0
21.6595360172496,15.6889756780902,6.33875763043835,-0.10958904109589,3,0
21.8187973114941,15.7986025272749,6.2232350355703,-0.10958904109589,3,0
21.9780586057386,15.9061965324812,6.10581678302458,-0.10958904109589,3,0
22.1373198999831,16.0117249195328,5.98653863953838,-0.10958904109589,3,0
22.2965811942276,16.1151555434607,5.86543693838967,-0.10958904109589,3,0
22.455842488472,16.2164568982949,5.74254856832977,-0.10958904109589,3,0
22.6151037827165,16.3155981266613,5.61791096234663,-0.10958904109589,3,0
22.774365076961,16.4125490291815,5.49156208626244,-0.10958904109589,3,0
22.9336263712055,16.5072800736714,5.36354042716882,-0.10958904109589,3,0
23.09288766545,16.5997624041371,5.23388498170329,-0.10958904109589,3,0
23.2521489596945,16.6899678495648,5.10263524417057,-0.10958904109589,3,0
23.4114102539389,16.777868932502,4.96983119451212,-0.10958904109589,3,0
23.5706715481834,16.8634388774274,4.83551328612799,-0.10958904109589,3,0
23.7299328424279,16.9466516189068,4.69972243355425,-0.10958904109589,3,0
23.8891941366724,17.027481809533,4.5625,-0.10958904109589,3,0
24.0484554309169,17.105904827647,4.42388778474783,-0.10958904109589,3,0
24.2077167251614,17.1818967848377,4.28392801042125,-0.10958904109589,3,0
24.3669780194058,17.2554345332189,4.14266331012336,-0.10958904109589,3,0
24.5262393136503,17.3264956724799,4.00013671445033,-0.10958904109589,3,0
24.6855006078948,17.3950585567094,3.85639163838388,-0.10958904109589,3,0
24.8447619021393,17.4611023009887,3.71147186806668,-0.10958904109589,3,0
25.0040231963838,17.5246067877535,3.56542154746462,-0.10958904109589,3,0
25.1632844906282,17.5855526729219,3.4182851649202,-0.10958904109589,3,0
25.3225457848727,17.643921391787,3.27010753960086,-0.10958904109589,3,0
25.4818070791172,17.6996951646714,3.12093380784673,-0.10958904109589,3,0
25.6410683733617,17.7528570023438,2.97080940942155,-0.10958904109589,3,0
25.8003296676062,17.8033907111933,2.8197800736714,-0.10958904109589,3,0
25.9595909618507,17.8512808981627,2.66789180559497,-0.10958904109589,3,0
26.1188522560951,17.8965129754372,2.51519087183012,-0.10958904109589,3,0
26.2781135503396,17.9390731648877,2.3617237865605,-0.10958904109589,3,0
26.4373748445841,17.9789485022685,2.20753729734697,-0.10958904109589,3,0
26.5966361388286,18.0161268411653,2.05267837088777,-0.10958904109589,3,0
26.7558974330731,18.050596856696,1.89719417871205,-0.10958904109589,3,0
26.9151587273176,18.0823480489599,1.74113208281097,-0.10958904109589,3,0
27.074420021562,18.1113707462364,1.58453962121074,-0.10958904109589,3,0
27.2336813158065,18.1376561079306,1.42746449349211,-0.10958904109589,3,0
27.392942610051,18.1611961272668,1.2699545462606,-0.10958904109589,3,0
27.5522039042955,18.1819836337271,1.11205775857197,-0.10958904109589,3,0
27.71146519854,18.2000122952355,0.95382222731734,-0.10958904109589,3,0
27.8707264927844,18.2152766200872,0.795296152572381,-0.10958904109589,3,0
28.0299877870289,18.2277719586209,0.636527822915145,-0.10958904109589,3,0
28.1892490812734,18.2374945046355,0.477565600716862,-0.10958904109589,3,0
28.3485103755179,18.2444412965492,0.318457907410323,-0.10958904109589,3,0
28.5077716697624,18.2486102183021,0.159253208740211,-0.10958904109589,3,0
28.6670329640069,18.25,1.11749020422196e-15,-0.10958904109589,3,0
28.8262942582513,18.2486102183021,-0.159253208740213,-0.10958904109589,3,0
28.9855555524958,18.2444412965492,-0.318457907410321,-0.10958904109589,3,0
29.1448168467403,18.2374945046355,-0.47756560071686,-0.10958904109589,3,0
29.3040781409848,18.2277719586209,-0.636527822915143,-0.10958904109589,3,0
29.4633394352293,18.2152766200872,-0.795296152572379,-0.10958904109589,3,0
29.6226007294738,18.2000122952355,-0.953822227317338,-0.10958904109589,3,0
29.7818620237182,18.1819836337271,-1.11205775857197,-0.10958904109589,3,0
29.9411233179627,18.1611961272668,-1.2699545462606,-0.10958904109589,3,0
30.1003846122072,18.1376561079306,-1.42746449349211,-0.10958904109589,3,0
30.2596459064517,18.1113707462364,-1.58453962121074,-0.10958904109589,3,0
30.4189072006962,18.0823480489599,-1.74113208281097,-0.10958904109589,3,0
30.5781684949407,18.050596856696,-1.89719417871206,-0.10958904109589,3,0
30.7374297891851,18.0161268411653,-2.05267837088777,-0.10958904109589,3,0
30.8966910834296,17.9789485022685,-2.20753729734697,-0.10958904109589,3,0
31.0559523776741,17.9390731648877,-2.3617237865605,-0.10958904109589,3,0
31.2152136719186,17.8965129754372,-2.51519087183012,-0.10958904109589,3,0
31.3744749661631,17.8512808981627,-2.66789180559497,-0.10958904109589,3,0
31.5337362604076,17.8033907111933,-2.81978007367139,-0.10958904109589,3,0
31.692997554652,17.7528570023438,-2.97080940942156,-0.10958904109589,3,0
31.8522588488965,17.6996951646714,-3.12093380784673,-0.10958904109589,3,0
32.011520143141,17.643921391787,-3.27010753960087,-0.10958904109589,3,0
32.1707814373855,17.5855526729219,-3.4182851649202,-0.10958904109589,3,0
32.33004273163,17.5246067877535,-3.56542154746462,-0.10958904109589,3,0
32.4893040258744,17.4611023009887,-3.71147186806668,-0.10958904109589,3,0
32.6485653201189,17.3950585567094,-3.85639163838388,-0.10958904109589,3,0
32.8078266143634,17.3264956724799,-4.00013671445033,-0.10958904109589,3,0
32.9670879086079,17.2554345332189,-4.14266331012336,-0.10958904109589,3,0
33.1263492028524,17.1818967848377,-4.28392801042125,-0.10958904109589,3,0
33.2856104970969,17.105904827647,-4.42388778474782,-0.10958904109589,3,0
33.4448717913413,17.027481809533,-4.5625,-0.10958904109589,3,0
33.6041330855858,16.9466516189068,-4.69972243355424,-0.10958904109589,3,0
33.7633943798303,16.8634388774274,-4.83551328612799,-0.10958904109589,3,0
33.9226556740748,16.777868932502,-4.96983119451212,-0.10958904109589,3,0
34.0819169683193,16.6899678495648,-5.10263524417056,-0.10958904109589,3,0
34.2411782625637,16.599762404137,-5.2338849817033,-0.10958904109589,3,0
34.4004395568082,16.5072800736714,-5.36354042716882,-0.10958904109589,3,0
34.5597008510527,16.4125490291815,-5.49156208626244,-0.10958904109589,3,0
34.7189621452972,16.3155981266613,-5.61791096234663,-0.10958904109589,3,0
34.8782234395417,16.2164568982949,-5.74254856832977,-0.10958904109589,3,0
35.0374847337862,16.1151555434607,-5.86543693838967,-0.10958904109589,3,0
35.1967460280306,16.0117249195328,-5.98653863953838,-0.10958904109589,3,0
35.3560073222751,15.9061965324812,-6.10581678302458,-0.10958904109589,3,0
35.5152686165196,15.7986025272749,-6.2232350355703,-0.10958904109589,3,0
35.6745299107641,15.6889756780902,-6.33875763043835,-0.10958904109589,3,0
35.8337912050086,15.5773493783272,-6.45234937832725,-0.10958904109589,3,0
35.9930524992531,15.4637576304383,-6.56397567809019,-0.10958904109589,3,0
36.1523137934975,15.3482350355703,-6.67360252727493,-0.10958904109589,3,0
36.311575087742,15.2308167830246,-6.78119653248122,-0.10958904109589,3,0
36.4708363819865,15.1115386395384,-6.88672491953279,-0.10958904109589,3,0
36.630097676231,14.9904369383897,-6.99015554346067,-0.10958904109589,3,0
36.7893589704755,14.8675485683298,-7.09145689829486,-0.10958904109589,3,0
36.94862026472,14.7429109623466,-7.19059812666134,-0.10958904109589,3,0
37.1078815589644,14.6165620862624,-7.28754902918155,-0.10958904109589,3,0
37.2671428532089,14.4885404271688,-7.38228007367139,-0.10958904109589,3,0
37.4264041474534,14.3588849817033,-7.47476240413705,-0.10958904109589,3,0
37.5856654416979,14.2276352441706,-7.56496784956476,-0.10958904109589,3,0
37.7449267359424,14.0948311945121,-7.65286893250199,-0.10958904109589,3,0
37.9041880301869,13.960513286128,-7.73843887742739,-0.10958904109589,3,0
38.0634493244313,13.8247224335542,-7.82165161890677,-0.10958904109589,3,0
38.2227106186758,13.6875,-7.902481809533,-0.10958904109589,3,0
38.3819719129203,13.5488877847478,-7.98090482764699,-0.10958904109589,3,0
38.5412332071648,13.4089280104213,-8.05689678483771,-0.10958904109589,3,0
38.7004945014093,13.2676633101234,-8.13043453321886,-0.10958904109589,3,0
38.8597557956537,13.1251367144503,-8.2014956724799,-0.10958904109589,3,0
39.0190170898982,12.9813916383839,-8.27005855670943,-0.10958904109589,3,0
39.1782783841427,12.8364718680667,-8.33610230098873,-0.10958904109589,3,0
39.3375396783872,12.6904215474646,-8.39960678775352,-0.10958904109589,3,0
39.4968009726317,12.5432851649202,-8.46055267292193,-0.10958904109589,3,0
39.6560622668762,12.3951075396009,-8.51892139178696,-0.10958904109589,3,0
39.8153235611206,12.2459338078467,-8.57469516467141,-0.10958904109589,3,0
39.9745848553651,12.0958094094216,-8.62785700234377,-0.10958904109589,3,0
40.1338461496096,11.9447800736714,-8.67839071119328,-0.10958904109589,3,0
40.2931074438541,11.792891805595,-8.7262808981627,-0.10958904109589,3,0
40.4523687380986,11.6401908718301,-8.77151297543716,-0.10958904109589,3,0
40.6116300323431,11.4867237865605,-8.81407316488775,-0.10958904109589,3,0
40.7708913265875,11.332537297347,-8.85394850226847,-0.10958904109589,3,0
40.930152620832,11.1776783708878,-8.89112684116527,-0.10958904109589,3,0
41.0894139150765,11.0221941787121,-8.92559685669598,-0.10958904109589,3,0
41.248675209321,10.866132082811,-8.95734804895993,-0.10958904109589,3,0
41.4079365035655,10.7095396212107,-8.9863707462364,-0.10958904109589,3,0
41.56719779781,10.5524644934921,-9.01265610793063,-0.10958904109589,3,0
41.7264590920544,10.3949545462606,-9.03619612726683,-0.10958904109589,3,0
41.8857203862989,10.237057758572,-9.05698363372706,-0.10958904109589,3,0
42.0449816805434,10.0788222273173,-9.07501229523549,-0.10958904109589,3,0
42.2042429747879,9.92029615257238,-9.09027662008718,-0.10958904109589,3,0
42.3635042690324,9.76152782291514,-9.1027719586209,-0.10958904109589,3,0
42.5227655632768,9.60256560071687,-9.11249450463549,-0.10958904109589,3,0
42.6820268575213,9.44345790741032,-9.11944129654925,-0.10958904109589,3,0
42.8412881517658,9.28425320874021,-9.12361021830207,-0.10958904109589,3,0
43.0005494460103,9.125,-9.125,-0.10958904109589,3,0
43.1598107402548,8.96574679125979,-9.12361021830207,-0.10958904109589,3,0
43.3190720344993,8.80654209258968,-9.11944129654925,-0.10958904109589,3,0
43.4783333287437,8.64743439928314,-9.11249450463549,-0.10958904109589,3,0
43.6375946229882,8.48847217708486,-9.1027719586209,-0.10958904109589,3,0
43.7968559172327,8.32970384742762,-9.09027662008718,-0.10958904109589,3,0
43.9561172114772,8.17117777268267,-9.07501229523549,-0.10958904109589,3,0
44.1153785057217,8.01294224142803,-9.05698363372706,-0.10958904109589,3,0
44.2746397999662,7.8550454537394,-9.03619612726683,-0.10958904109589,3,0
44.4339010942106,7.6975355065079,-9.01265610793063,-0.10958904109589,3,0
44.5931623884551,7.54046037878926,-8.9863707462364,-0.10958904109589,3,0
44.7524236826996,7.38386791718903,-8.95734804895993,-0.10958904109589,3,0
44.9116849769441,7.22780582128795,-8.92559685669598,-0.10958904109589,3,0
45.0709462711886,7.07232162911223,-8.89112684116527,-0.10958904109589,3,0
45.230207565433,6.91746270265303,-8.85394850226847,-0.10958904109589,3,0
45.3894688596775,6.7632762134395,-8.81407316488775,-0.10958904109589,3,0
45.548730153922,6.60980912816988,-8.77151297543716,-0.10958904109589,3,0
45.7079914481665,6.45710819440503,-8.7262808981627,-0.10958904109589,3,0
45.867252742411,6.30521992632861,-8.67839071119328,-0.10958904109589,3,0
46.0265140366555,6.15419059057845,-8.62785700234377,-0.10958904109589,3,0
46.1857753308999,6.00406619215327,-8.57469516467141,-0.10958904109589,3,0
46.3450366251444,5.85489246039913,-8.51892139178697,-0.10958904109589,3,0
46.5042979193889,5.7067148350798,-8.46055267292193,-0.10958904109589,3,0
46.6635592136334,5.55957845253538,-8.39960678775352,-0.10958904109589,3,0
46.8228205078779,5.41352813193333,-8.33610230098873,-0.10958904109589,3,0
46.9820818021224,5.26860836161612,-8.27005855670943,-0.10958904109589,3,0
47.1413430963668,5.12486328554967,-8.2014956724799,-0.10958904109589,3,0
47.3006043906113,4.98233668987664,-8.13043453321886,-0.10958904109589,3,0
47.4598656848558,4.84107198957875,-8.05689678483771,-0.10958904109589,3,0
47.6191269791003,4.70111221525217,-7.98090482764699,-0.10958904109589,3,0
47.7783882733448,4.5625,-7.902481809533,-0.10958904109589,3,0
47.9376495675893,4.42527756644576,-7.82165161890677,-0.10958904109589,3,0
48.0969108618337,4.28948671387201,-7.73843887742739,-0.10958904109589,3,0
48.2561721560782,4.15516880548788,-7.652868932502,-0.10958904109589,3,0
48.4154334503227,4.02236475582943,-7.56496784956475,-0.10958904109589,3,0
48.5746947445672,3.8911150182967,-7.47476240413705,-0.10958904109589,3,0
48.7339560388117,3.76145957283118,-7.3822800736714,-0.10958904109589,3,0
48.8932173330561,3.63343791373756,-7.28754902918155,-0.10958904109589,3,0
49.0524786273006,3.50708903765337,-7.19059812666134,-0.10958904109589,3,0
49.2117399215451,3.38245143167023,-7.09145689829486,-0.10958904109589,3,0
49.3710012157896,3.25956306161033,-6.99015554346068,-0.10958904109589,3,0
49.5302625100341,3.13846136046162,-6.8867249195328,-0.10958904109589,3,0
49.6895238042786,3.01918321697542,-6.78119653248123,-0.10958904109589,3,0
49.848785098523,2.9017649644297,-6.67360252727493,-0.10958904109589,3,0
50.0080463927675,2.78624236956165,-6.56397567809019,-0.10958904109589,3,0
50.167307687012,2.67265062167276,-6.45234937832725,-0.10958904109589,3,0
50.3265689812565,2.56102432190981,-6.33875763043835,-0.10958904109589,3,0
50.485830275501,2.45139747272507,-6.2232350355703,-0.10958904109589,3,0
50.6450915697455,2.34380346751878,-6.10581678302458,-0.10958904109589,3,0
50.8043528639899,2.23827508046721,-5.98653863953838,-0.10958904109589,3,0
50.9636141582344,2.13484445653933,-5.86543693838967,-0.10958904109589,3,0
51.1228754524789,2.03354310170514,-5.74254856832977,-0.10958904109589,3,0
51.2821367467234,1.93440187333866,-5.61791096234663,-0.10958904109589,3,0
51.4413980409679,1.83745097081845,-5.49156208626244,-0.10958904109589,3,0
51.6006593352124,1.74271992632861,-5.36354042716882,-0.10958904109589,3,0
51.7599206294568,1.65023759586295,-5.2338849817033,-0.10958904109589,3,0
51.9191819237013,1.56003215043524,-5.10263524417056,-0.10958904109589,3,0
52.0784432179458,1.47213106749801,-4.96983119451212,-0.10958904109589,3,0
52.2377045121903,1.38656112257261,-4.835513286128,-0.10958904109589,3,0
52.3969658064348,1.30334838109323,-4.69972243355425,-0.10958904109589,3,0
52.5562271006793,1.222518190467,-4.5625,-0.10958904109589,3,0
52.7154883949237,1.14409517235301,-4.42388778474782,-0.10958904109589,3,0
52.8747496891682,1.06810321516229,-4.28392801042125,-0.10958904109589,3,0
53.0340109834127,0.994565466781143,-4.14266331012337,-0.10958904109589,3,0
53.1932722776572,0.923504327520103,-4.00013671445033,-0.10958904109589,3,0
53.3525335719017,0.854941443290569,-3.85639163838388,-0.10958904109589,3,0
53.5117948661461,0.788897699011265,-3.71147186806668,-0.10958904109589,3,0
53.6710561603906,0.725393212246482,-3.56542154746462,-0.10958904109589,3,0
53.8303174546351,0.664447327078065,-3.4182851649202,-0.10958904109589,3,0
53.9895787488796,0.606078608213036,-3.27010753960087,-0.10958904109589,3,0
54.1488400431241,0.550304835328586,-3.12093380784673,-0.10958904109589,3,0
54.3081013373686,0.497142997656233,-2.97080940942155,-0.10958904109589,3,0
54.467362631613,0.446609288806725,-2.8197800736714,-0.10958904109589,3,0
54.6266239258575,0.398719101837303,-2.66789180559498,-0.10958904109589,3,0
54.785885220102,0.35348702456284,-2.51519087183012,-0.10958904109589,3,0
54.9451465143465,0.310926835112252,-2.3617237865605,-0.10958904109589,3,0
55.104407808591,0.271051497731532,-2.20753729734697,-0.10958904109589,3,0
55.2636691028355,0.233873158834729,-2.05267837088777,-0.10958904109589,3,0
55.4229303970799,0.199403143304025,-1.89719417871206,-0.10958904109589,3,0
55.5821916913244,0.167651951040066,-1.74113208281097,-0.10958904109589,3,0
55.7414529855689,0.138629253763602,-1.58453962121074,-0.10958904109589,3,0
55.9007142798134,0.112343892069369,-1.42746449349211,-0.10958904109589,3,0
56.0599755740579,0.0888038727331715,-1.2699545462606,-0.10958904109589,3,0
56.2192368683023,0.0680163662729356,-1.11205775857197,-0.10958904109589,3,0
56.3784981625468,0.0499877047645061,-0.953822227317337,-0.10958904109589,3,0
56.5377594567913,0.0347233799128226,-0.795296152572382,-0.10958904109589,3,0
56.6970207510358,0.0222280413791047,-0.636527822915146,-0.10958904109589,3,0
56.8562820452803,0.012505495364513,-0.477565600716867,-0.10958904109589,3,0
57.0155433395248,0.00555870345075071,-0.31845790741032,-0.10958904109589,3,0
57.1748046337692,0.00138978169792914,-0.159253208740212,-0.10958904109589,3,0
57.3340659280137,0,-2.23498040844392e-15,-0.10958904109589,3,0
57.4933272222582,0.00138978169792914,0.159253208740208,-0.10958904109589,3,0
57.6525885165027,0.00555870345075071,0.318457907410324,-0.10958904109589,3,0
57.8118498107472,0.012505495364513,0.477565600716863,-0.10958904109589,3,0
57.9711111049917,0.0222280413791029,0.636527822915142,-0.10958904109589,3,0
58.1303723992361,0.0347233799128226,0.795296152572378,-0.10958904109589,3,0
58.2896336934806,0.0499877047645061,0.953822227317333,-0.10958904109589,3,0
58.4488949877251,0.0680163662729374,1.11205775857197,-0.10958904109589,3,0
58.6081562819696,0.0888038727331697,1.2699545462606,-0.10958904109589,3,0
58.7674175762141,0.112343892069369,1.4274644934921,-0.10958904109589,3,0
58.9266788704586,0.1386292537636,1.58453962121074,-0.10958904109589,3,0
59.085940164703,0.167651951040067,1.74113208281097,-0.10958904109589,3,0
59.2452014589475,0.199403143304025,1.89719417871205,-0.10958904109589,3,0
59.404462753192,0.233873158834728,2.05267837088777,-0.10958904109589,3,0
59.5637240474365,0.271051497731531,2.20753729734696,-0.10958904109589,3,0
59.722985341681,0.31092683511225,2.3617237865605,-0.10958904109589,3,0
59.8822466359254,0.353487024562842,2.51519087183012,-0.10958904109589,3,0
60.0415079301699,0.398719101837301,2.66789180559497,-0.10958904109589,3,0
60.2007692244144,0.446609288806723,2.81978007367139,-0.10958904109589,3,0
60.3600305186589,0.497142997656233,2.97080940942155,-0.10958904109589,3,0
60.5192918129034,0.550304835328587,3.12093380784673,-0.10958904109589,3,0
60.6785531071479,0.606078608213034,3.27010753960087,-0.10958904109589,3,0
60.8378144013923,0.664447327078065,3.4182851649202,-0.10958904109589,3,0
60.9970756956368,0.72539321224648,3.56542154746462,-0.10958904109589,3,0
61.1563369898813,0.788897699011269,3.71147186806668,-0.10958904109589,3,0
61.3155982841258,0.854941443290569,3.85639163838388,-0.10958904109589,3,0
61.4748595783703,0.923504327520101,4.00013671445033,-0.10958904109589,3,0
61.6341208726148,0.994565466781141,4.14266331012336,-0.10958904109589,3,0
61.7933821668592,1.06810321516229,4.28392801042125,-0.10958904109589,3,0
61.9526434611037,1.14409517235301,4.42388778474783,-0.10958904109589,3,0
62.1119047553482,1.222518190467,4.5625,-0.10958904109589,3,0
62.2711660495927,1.30334838109323,4.69972243355424,-0.10958904109589,3,0
62.4304273438372,1.38656112257261,4.83551328612799,-0.10958904109589,3,0
62.5896886380817,1.47213106749801,4.96983119451212,-0.10958904109589,3,0
62.7489499323261,1.56003215043525,5.10263524417057,-0.10958904109589,3,0
62.9082112265706,1.65023759586295,5.2338849817033,-0.10958904109589,3,0
63.0674725208151,1.7427199263286,5.36354042716882,-0.10958904109589,3,0
63.2267338150596,1.83745097081845,5.49156208626244,-0.10958904109589,3,0
63.3859951093041,1.93440187333866,5.61791096234663,-0.10958904109589,3,0
63.5452564035485,2.03354310170514,5.74254856832977,-0.10958904109589,3,0
63.704517697793,2.13484445653932,5.86543693838967,-0.10958904109589,3,0
63.8637789920375,2.2382750804672,5.98653863953838,-0.10958904109589,3,0
64.023040286282,2.34380346751878,6.10581678302458,-0.10958904109589,3,0
64.1823015805265,2.45139747272507,6.2232350355703,-0.10958904109589,3,0
64.341562874771,2.56102432190981,6.33875763043835,-0.10958904109589,3,0
64.5008241690154,2.67265062167275,6.45234937832724,-0.10958904109589,3,0
64.6600854632599,2.78624236956165,6.56397567809019,-0.10958904109589,3,0
64.8193467575044,2.9017649644297,6.67360252727493,-0.10958904109589,3,0
64.9786080517489,3.01918321697542,6.78119653248122,-0.10958904109589,3,0
65.1378693459934,3.13846136046162,6.88672491953279,-0.10958904109589,3,0
65.2971306402379,3.25956306161033,6.99015554346067,-0.10958904109589,3,0
65.4563919344823,3.38245143167024,7.09145689829486,-0.10958904109589,3,0
65.6156532287268,3.50708903765337,7.19059812666134,-0.10958904109589,3,0
65.7749145229713,3.63343791373756,7.28754902918155,-0.10958904109589,3,0
65.9341758172158,3.76145957283118,7.38228007367139,-0.10958904109589,3,0
66.0934371114603,3.8911150182967,7.47476240413705,-0.10958904109589,3,0
66.2526984057047,4.02236475582944,7.56496784956476,-0.10958904109589,3,0
66.4119596999492,4.15516880548788,7.65286893250199,-0.10958904109589,3,0
66.5712209941937,4.289486713872,7.73843887742739,-0.10958904109589,3,0
66.7304822884382,4.42527756644575,7.82165161890677,-0.10958904109589,3,0
66.8897435826827,4.5625,7.902481809533,-0.10958904109589,3,0
67.0490048769272,4.70111221525218,7.98090482764699,-0.10958904109589,3,0
67.2082661711716,4.84107198957875,8.05689678483771,-0.10958904109589,3,0
67.3675274654161,4.98233668987663,8.13043453321886,-0.10958904109589,3,0
67.5267887596606,5.12486328554966,8.2014956724799,-0.10958904109589,3,0
67.6860500539051,5.26860836161612,8.27005855670943,-0.10958904109589,3,0
67.8453113481496,5.41352813193332,8.33610230098873,-0.10958904109589,3,0
68.0045726423941,5.55957845253538,8.39960678775352,-0.10958904109589,3,0
68.1638339366385,5.7067148350798,8.46055267292193,-0.10958904109589,3,0
68.323095230883,5.85489246039914,8.51892139178697,-0.10958904109589,3,0
68.4823565251275,6.00406619215327,8.57469516467141,-0.10958904109589,3,0
68.641617819372,6.15419059057844,8.62785700234376,-0.10958904109589,3,0
68.8008791136165,6.3052199263286,8.67839071119328,-0.10958904109589,3,0
68.9601404078609,6.45710819440502,8.7262808981627,-0.10958904109589,3,0
69.1194017021054,6.60980912816988,8.77151297543716,-0.10958904109589,3,0
69.2786629963499,6.7632762134395,8.81407316488775,-0.10958904109589,3,0
69.4379242905944,6.91746270265303,8.85394850226847,-0.10958904109589,3,0
69.5971855848389,7.07232162911223,8.89112684116527,-0.10958904109589,3,0
69.7564468790834,7.22780582128795,8.92559685669598,-0.10958904109589,3,0
69.9157081733278,7.38386791718903,8.95734804895993,-0.10958904109589,3,0
70.0749694675723,7.54046037878926,8.9863707462364,-0.10958904109589,3,0
70.2342307618168,7.69753550650789,9.01265610793063,-0.10958904109589,3,0
70.3934920560613,7.8550454537394,9.03619612726683,-0.10958904109589,3,0
70.5527533503058,8.01294224142803,9.05698363372706,-0.10958904109589,3,0
70.7120146445503,8.17117777268266,9.07501229523549,-0.10958904109589,3,0
70.8712759387947,8.32970384742762,9.09027662008718,-0.10958904109589,3,0
71.0305372330392,8.48847217708485,9.1027719586209,-0.10958904109589,3,0
71.1897985272837,8.64743439928314,9.11249450463549,-0.10958904109589,3,0
71.3490598215282,8.80654209258968,9.11944129654925,-0.10958904109589,3,0
71.5083211157727,8.96574679125979,9.12361021830207,-0.10958904109589,3,0
71.6675824100172,9.125,9.125,-0.10958904109589,3,0
71.8268437042616,9.28425320874021,9.12361021830207,-0.10958904109589,3,0
71.9861049985061,9.44345790741032,9.11944129654925,-0.10958904109589,3,0
72.1453662927506,9.60256560071686,9.11249450463549,-0.10958904109589,3,0
72.3046275869951,9.76152782291514,9.1027719586209,-0.10958904109589,3,0
72.4638888812396,9.92029615257238,9.09027662008718,-0.10958904109589,3,0
72.6231501754841,10.0788222273173,9.07501229523549,-0.10958904109589,3,0
72.7824114697285,10.237057758572,9.05698363372706,-0.10958904109589,3,0
72.941672763973,10.3949545462606,9.03619612726683,-0.10958904109589,3,0
73.1009340582175,10.5524644934921,9.01265610793063,-0.10958904109589,3,0
73.260195352462,10.7095396212107,8.9863707462364,-0.10958904109589,3,0
73.4194566467065,10.866132082811,8.95734804895993,-0.10958904109589,3,0
73.578717940951,11.022194178712,8.92559685669598,-0.10958904109589,3,0
73.7379792351954,11.1776783708878,8.89112684116527,-0.10958904109589,3,0
73.8972405294399,11.332537297347,8.85394850226847,-0.10958904109589,3,0
74.0565018236844,11.4867237865605,8.81407316488775,-0.10958904109589,3,0
74.2157631179289,11.6401908718301,8.77151297543716,-0.10958904109589,3,0
74.3750244121734,11.792891805595,8.7262808981627,-0.10958904109589,3,0
74.5342857064178,11.9447800736714,8.67839071119328,-0.10958904109589,3,0
74.6935470006623,12.0958094094216,8.62785700234376,-0.10958904109589,3,0
74.8528082949068,12.2459338078467,8.57469516467142,-0.10958904109589,3,0
75.0120695891513,12.3951075396009,8.51892139178697,-0.10958904109589,3,0
75.1713308833958,12.5432851649202,8.46055267292193,-0.10958904109589,3,0
75.3305921776403,12.6904215474646,8.39960678775352,-0.10958904109589,3,0
75.4898534718847,12.8364718680667,8.33610230098873,-0.10958904109589,3,0
75.6491147661292,12.9813916383839,8.27005855670943,-0.10958904109589,3,0
75.8083760603737,13.1251367144503,8.2014956724799,-0.10958904109589,3,0
75.9676373546182,13.2676633101234,8.13043453321885,-0.10958904109589,3,0
76.1268986488627,13.4089280104212,8.05689678483771,-0.10958904109589,3,0
76.2861599431072,13.5488877847478,7.98090482764699,-0.10958904109589,3,0
76.4454212373516,13.6875,7.90248180953301,-0.10958904109589,3,0
76.6046825315961,13.8247224335542,7.82165161890678,-0.10958904109589,3,0
76.7639438258406,13.960513286128,7.73843887742738,-0.10958904109589,3,0
76.9232051200851,14.0948311945121,7.652868932502,-0.10958904109589,3,0
77.0824664143296,14.2276352441706,7.56496784956475,-0.10958904109589,3,0
77.241727708574,14.3588849817033,7.47476240413706,-0.10958904109589,3,0
77.4009890028185,14.4885404271688,7.3822800736714,-0.10958904109589,3,0
77.560250297063,14.6165620862624,7.28754902918155,-0.10958904109589,3,0
77.7195115913075,14.7429109623466,7.19059812666134,-0.10958904109589,3,0
77.878772885552,14.8675485683298,7.09145689829486,-0.10958904109589,3,0
78.0380341797965,14.9904369383897,6.99015554346067,-0.10958904109589,3,0
78.1972954740409,15.1115386395384,6.8867249195328,-0.10958904109589,3,0
78.3565567682854,15.2308167830246,6.78119653248122,-0.10958904109589,3,0
78.5158180625299,15.3482350355703,6.67360252727494,-0.10958904109589,3,0
78.6750793567744,15.4637576304383,6.56397567809019,-0.10958904109589,3,0
78.8343406510189,15.5773493783272,6.45234937832724,-0.10958904109589,3,0
78.9936019452634,15.6889756780902,6.33875763043835,-0.10958904109589,3,0
79.1528632395078,15.7986025272749,6.2232350355703,-0.10958904109589,3,0
79.3121245337523,15.9061965324812,6.10581678302459,-0.10958904109589,3,0
79.4713858279968,16.0117249195328,5.98653863953838,-0.10958904109589,3,0
79.6306471222413,16.1151555434607,5.86543693838967,-0.10958904109589,3,0
79.7899084164858,16.2164568982949,5.74254856832977,-0.10958904109589,3,0
79.9491697107302,16.3155981266613,5.61791096234663,-0.10958904109589,3,0
80.1084310049747,16.4125490291815,5.49156208626245,-0.10958904109589,3,0
80.2676922992192,16.5072800736714,5.36354042716882,-0.10958904109589,3,0
80.4269535934637,16.5997624041371,5.23388498170329,-0.10958904109589,3,0
80.5862148877082,16.6899678495648,5.10263524417057,-0.10958904109589,3,0
80.7454761819527,16.777868932502,4.96983119451212,-0.10958904109589,3,0
80.9047374761971,16.8634388774274,4.83551328612799,-0.10958904109589,3,0
81.0639987704416,16.9466516189068,4.69972243355425,-0.10958904109589,3,0
81.2232600646861,17.027481809533,4.5625,-0.10958904109589,3,0
81.3825213589306,17.105904827647,4.42388778474783,-0.10958904109589,3,0
81.5417826531751,17.1818967848377,4.28392801042125,-0.10958904109589,3,0
81.7010439474196,17.2554345332189,4.14266331012336,-0.10958904109589,3,0
81.860305241664,17.3264956724799,4.00013671445034,-0.10958904109589,3,0
82.0195665359085,17.3950585567094,3.85639163838388,-0.10958904109589,3,0
82.178827830153,17.4611023009887,3.71147186806668,-0.10958904109589,3,0
82.3380891243975,17.5246067877535,3.56542154746463,-0.10958904109589,3,0
82.497350418642,17.5855526729219,3.41828516492019,-0.10958904109589,3,0
82.6566117128865,17.643921391787,3.27010753960087,-0.10958904109589,3,0
82.8158730071309,17.6996951646714,3.12093380784673,-0.10958904109589,3,0
82.9751343013754,17.7528570023438,2.97080940942155,-0.10958904109589,3,0
83.1343955956199,17.8033907111933,2.8197800736714,-0.10958904109589,3,0
83.2936568898644,17.8512808981627,2.66789180559497,-0.10958904109589,3,0
83.4529181841089,17.8965129754372,2.51519087183012,-0.10958904109589,3,0
83.6121794783534,17.9390731648877,2.3617237865605,-0.10958904109589,3,0
83.7714407725978,17.9789485022685,2.20753729734696,-0.10958904109589,3,0
83.9307020668423,18.0161268411653,2.05267837088777,-0.10958904109589,3,0
84.0899633610868,18.050596856696,1.89719417871205,-0.10958904109589,3,0
84.2492246553313,18.0823480489599,1.74113208281098,-0.10958904109589,3,0
84.4084859495758,18.1113707462364,1.58453962121074,-0.10958904109589,3,0
84.5677472438202,18.1376561079306,1.4274644934921,-0.10958904109589,3,0
84.7270085380647,18.1611961272668,1.2699545462606,-0.10958904109589,3,0
84.8862698323092,18.1819836337271,1.11205775857197,-0.10958904109589,3,0
85.0455311265537,18.2000122952355,0.953822227317347,-0.10958904109589,3,0
85.2047924207982,18.2152766200872,0.795296152572383,-0.10958904109589,3,0
85.3640537150427,18.2277719586209,0.636527822915139,-0.10958904109589,3,0
85.5233150092871,18.2374945046355,0.477565600716868,-0.10958904109589,3,0
85.6825763035316,18.2444412965492,0.318457907410321,-0.10958904109589,3,0
85.8418375977761,18.2486102183021,0.159253208740205,-0.10958904109589,3,0
86.0010988920206,18.25,3.35247061266588e-15,-0.10958904109589,3,0
86.1603601862651,18.2486102183021,-0.159253208740215,-0.10958904109589,3,0
86.3196214805096,18.2444412965492,-0.318457907410314,-0.10958904109589,3,0
86.478882774754,18.2374945046355,-0.477565600716862,-0.10958904109589,3,0
86.6381440689985,18.2277719586209,-0.636527822915149,-0.10958904109589,3,0
86.797405363243,18.2152766200872,-0.795296152572377,-0.10958904109589,3,0
86.9566666574875,18.2000122952355,-0.95382222731734,-0.10958904109589,3,0
87.115927951732,18.1819836337271,-1.11205775857196,-0.10958904109589,3,0
87.2751892459764,18.1611961272668,-1.2699545462606,-0.10958904109589,3,0
87.4344505402209,18.1376561079306,-1.42746449349211,-0.10958904109589,3,0
87.5937118344654,18.1113707462364,-1.58453962121073,-0.10958904109589,3,0
87.7529731287099,18.0823480489599,-1.74113208281097,-0.10958904109589,3,0
87.9122344229544,18.050596856696,-1.89719417871205,-0.10958904109589,3,0
88.0714957171989,18.0161268411653,-2.05267837088777,-0.10958904109589,3,0
88.2307570114433,17.9789485022685,-2.20753729734697,-0.10958904109589,3,0
88.3900183056878,17.9390731648878,-2.3617237865605,-0.10958904109589,3,0
88.5492795999323,17.8965129754372,-2.51519087183012,-0.10958904109589,3,0
88.7085408941768,17.8512808981627,-2.66789180559498,-0.10958904109589,3,0
88.8678021884213,17.8033907111933,-2.81978007367139,-0.10958904109589,3,0
89.0270634826658,17.7528570023438,-2.97080940942156,-0.10958904109589,3,0
89.1863247769102,17.6996951646714,-3.12093380784672,-0.10958904109589,3,0
89.3455860711547,17.643921391787,-3.27010753960086,-0.10958904109589,3,0
89.5048473653992,17.5855526729219,-3.4182851649202,-0.10958904109589,3,0
89.6641086596437,17.5246067877535,-3.56542154746462,-0.10958904109589,3,0
89.8233699538882,17.4611023009887,-3.71147186806668,-0.10958904109589,3,0
89.9826312481326,17.3950585567094,-3.85639163838388,-0.10958904109589,3,0
90.1418925423771,17.3264956724799,-4.00013671445033,-0.10958904109589,3,0
90.3011538366216,17.2554345332189,-4.14266331012337,-0.10958904109589,3,0
90.4604151308661,17.1818967848377,-4.28392801042125,-0.10958904109589,3,0
90.6196764251106,17.105904827647,-4.42388778474783,-0.10958904109589,3,0
90.7789377193551,17.027481809533,-4.56249999999999,-0.10958904109589,3,0
90.9381990135995,16.9466516189068,-4.69972243355424,-0.10958904109589,3,0
91.097460307844,16.8634388774274,-4.835513286128,-0.10958904109589,3,0
91.2567216020885,16.777868932502,-4.96983119451212,-0.10958904109589,3,0
91.415982896333,16.6899678495648,-5.10263524417056,-0.10958904109589,3,0
91.5752441905775,16.599762404137,-5.2338849817033,-0.10958904109589,3,0
91.734505484822,16.5072800736714,-5.36354042716881,-0.10958904109589,3,0
91.8937667790664,16.4125490291815,-5.49156208626244,-0.10958904109589,3,0
92.0530280733109,16.3155981266613,-5.61791096234663,-0.10958904109589,3,0
92.2122893675554,16.2164568982949,-5.74254856832977,-0.10958904109589,3,0
92.3715506617999,16.1151555434607,-5.86543693838968,-0.10958904109589,3,0
92.5308119560444,16.0117249195328,-5.98653863953838,-0.10958904109589,3,0
92.6900732502889,15.9061965324812,-6.10581678302458,-0.10958904109589,3,0
92.8493345445333,15.7986025272749,-6.22323503557029,-0.10958904109589,3,0
93.0085958387778,15.6889756780902,-6.33875763043835,-0.10958904109589,3,0
93.1678571330223,15.5773493783272,-6.45234937832725,-0.10958904109589,3,0
93.3271184272668,15.4637576304384,-6.56397567809019,-0.10958904109589,3,0
93.4863797215113,15.3482350355703,-6.67360252727493,-0.10958904109589,3,0
93.6456410157558,15.2308167830246,-6.78119653248122,-0.10958904109589,3,0
93.8049023100002,15.1115386395384,-6.88672491953279,-0.10958904109589,3,0
93.9641636042447,14.9904369383897,-6.99015554346068,-0.10958904109589,3,0
94.1234248984892,14.8675485683298,-7.09145689829486,-0.10958904109589,3,0
94.2826861927337,14.7429109623466,-7.19059812666134,-0.10958904109589,3,0
94.4419474869782,14.6165620862624,-7.28754902918155,-0.10958904109589,3,0
94.6012087812227,14.4885404271688,-7.38228007367139,-0.10958904109589,3,0
94.7604700754671,14.3588849817033,-7.47476240413705,-0.10958904109589,3,0
94.9197313697116,14.2276352441706,-7.56496784956475,-0.10958904109589,3,0
95.0789926639561,14.0948311945121,-7.65286893250199,-0.10958904109589,3,0
95.2382539582006,13.960513286128,-7.73843887742739,-0.10958904109589,3,0
95.3975152524451,13.8247224335542,-7.82165161890677,-0.10958904109589,3,0
95.5567765466895,13.6875,-7.902481809533,-0.10958904109589,3,0
95.716037840934,13.5488877847478,-7.98090482764698,-0.10958904109589,3,0
95.8752991351785,13.4089280104213,-8.05689678483771,-0.10958904109589,3,0
96.034560429423,13.2676633101234,-8.13043453321886,-0.10958904109589,3,0
96.1938217236675,13.1251367144503,-8.2014956724799,-0.10958904109589,3,0
96.353083017912,12.9813916383839,-8.27005855670943,-0.10958904109589,3,0
96.5123443121564,12.8364718680667,-8.33610230098873,-0.10958904109589,3,0
96.6716056064009,12.6904215474646,-8.39960678775352,-0.10958904109589,3,0
96.8308669006454,12.5432851649202,-8.46055267292194,-0.10958904109589,3,0
96.9901281948899,12.3951075396009,-8.51892139178696,-0.10958904109589,3,0
97.1493894891344,12.2459338078467,-8.57469516467141,-0.10958904109589,3,0
97.3086507833789,12.0958094094215,-8.62785700234377,-0.10958904109589,3,0
97.4679120776233,11.9447800736714,-8.67839071119328,-0.10958904109589,3,0
97.6271733718678,11.792891805595,-8.7262808981627,-0.10958904109589,3,0
97.7864346661123,11.6401908718301,-8.77151297543716,-0.10958904109589,3,0
97.9456959603568,11.4867237865605,-8.81407316488775,-0.10958904109589,3,0
98.1049572546013,11.332537297347,-8.85394850226847,-0.10958904109589,3,0
98.2642185488457,11.1776783708878,-8.89112684116527,-0.10958904109589,3,0
98.4234798430902,11.0221941787121,-8.92559685669598,-0.10958904109589,3,0
98.5827411373347,10.866132082811,-8.95734804895993,-0.10958904109589,3,0
98.7420024315792,10.7095396212107,-8.9863707462364,-0.10958904109589,3,0
98.9012637258237,10.5524644934921,-9.01265610793063,-0.10958904109589,3,0
99.0605250200682,10.3949545462606,-9.03619612726683,-0.10958904109589,3,0
99.2197863143126,10.237057758572,-9.05698363372706,-0.10958904109589,3,0
99.3790476085571,10.0788222273173,-9.07501229523549,-0.10958904109589,3,0
99.5383089028016,9.92029615257238,-9.09027662008718,-0.10958904109589,3,0
99.6975701970461,9.76152782291514,-9.1027719586209,-0.10958904109589,3,0
99.8568314912906,9.60256560071687,-9.11249450463549,-0.10958904109589,3,0
100.016092785535,9.44345790741032,-9.11944129654925,-0.10958904109589,3,0
100.17535407978,9.28425320874021,-9.12361021830207,-0.10958904109589,3,0
100.334615374024,9.125,-9.125,-0.10958904109589,3,0
100.493876668268,8.96574679125979,-9.12361021830207,-0.10958904109589,3,0
100.653137962513,8.80654209258969,-9.11944129654925,-0.10958904109589,3,0
100.812399256757,8.64743439928314,-9.11249450463549,-0.10958904109589,3,0
100.971660551002,8.48847217708485,-9.1027719586209,-0.10958904109589,3,0
101.130921845246,8.32970384742762,-9.09027662008718,-0.10958904109589,3,0
101.290183139491,8.17117777268266,-9.07501229523549,-0.10958904109589,3,0
101.449444433735,8.01294224142804,-9.05698363372706,-0.10958904109589,3,0
101.60870572798,7.8550454537394,-9.03619612726683,-0.10958904109589,3,0
101.767967022224,7.69753550650789,-9.01265610793063,-0.10958904109589,3,0
101.927228316469,7.54046037878927,-8.9863707462364,-0.10958904109589,3,0
102.086489610713,7.38386791718903,-8.95734804895993,-0.10958904109589,3,0
102.245750904958,7.22780582128796,-8.92559685669598,-0.10958904109589,3,0
102.405012199202,7.07232162911223,-8.89112684116527,-0.10958904109589,3,0
102.564273493447,6.91746270265303,-8.85394850226847,-0.10958904109589,3,0
102.723534787691,6.7632762134395,-8.81407316488775,-0.10958904109589,3,0
102.882796081936,6.60980912816988,-8.77151297543716,-0.10958904109589,3,0
103.04205737618,6.45710819440502,-8.7262808981627,-0.10958904109589,3,0
103.201318670425,6.30521992632861,-8.67839071119328,-0.10958904109589,3,0
103.360579964669,6.15419059057844,-8.62785700234376,-0.10958904109589,3,0
103.519841258914,6.00406619215328,-8.57469516467142,-0.10958904109589,3,0
103.679102553158,5.85489246039914,-8.51892139178697,-0.10958904109589,3,0
103.838363847403,5.7067148350798,-8.46055267292193,-0.10958904109589,3,0
103.997625141647,5.55957845253538,-8.39960678775352,-0.10958904109589,3,0
104.156886435892,5.41352813193332,-8.33610230098873,-0.10958904109589,3,0
104.316147730136,5.26860836161613,-8.27005855670943,-0.10958904109589,3,0
104.475409024381,5.12486328554967,-8.2014956724799,-0.10958904109589,3,0
104.634670318625,4.98233668987663,-8.13043453321886,-0.10958904109589,3,0
104.79393161287,4.84107198957875,-8.05689678483771,-0.10958904109589,3,0
104.953192907114,4.70111221525217,-7.98090482764699,-0.10958904109589,3,0
105.112454201359,4.56250000000001,-7.90248180953301,-0.10958904109589,3,0
105.271715495603,4.42527756644576,-7.82165161890678,-0.10958904109589,3,0
105.430976789847,4.289486713872,-7.73843887742739,-0.10958904109589,3,0
105.590238084092,4.15516880548788,-7.652868932502,-0.10958904109589,3,0
105.749499378336,4.02236475582944,-7.56496784956476,-0.10958904109589,3,0
105.908760672581,3.8911150182967,-7.47476240413705,-0.10958904109589,3,0
106.068021966825,3.76145957283119,-7.3822800736714,-0.10958904109589,3,0
106.22728326107,3.63343791373756,-7.28754902918155,-0.10958904109589,3,0
106.386544555314,3.50708903765337,-7.19059812666134,-0.10958904109589,3,0
106.545805849559,3.38245143167024,-7.09145689829486,-0.10958904109589,3,0
106.705067143803,3.25956306161033,-6.99015554346067,-0.10958904109589,3,0
106.864328438048,3.13846136046163,-6.8867249195328,-0.10958904109589,3,0
107.023589732292,3.01918321697542,-6.78119653248122,-0.10958904109589,3,0
107.182851026537,2.90176496442971,-6.67360252727494,-0.10958904109589,3,0
107.342112320781,2.78624236956165,-6.56397567809019,-0.10958904109589,3,0
107.501373615026,2.67265062167275,-6.45234937832724,-0.10958904109589,3,0
107.66063490927,2.56102432190981,-6.33875763043835,-0.10958904109589,3,0
107.819896203515,2.45139747272507,-6.2232350355703,-0.10958904109589,3,0
107.979157497759,2.34380346751878,-6.10581678302459,-0.10958904109589,3,0
108.138418792004,2.23827508046721,-5.98653863953838,-0.10958904109589,3,0
108.297680086248,2.13484445653932,-5.86543693838967,-0.10958904109589,3,0
108.456941380493,2.03354310170515,-5.74254856832977,-0.10958904109589,3,0
108.616202674737,1.93440187333866,-5.61791096234663,-0.10958904109589,3,0
108.775463968982,1.83745097081845,-5.49156208626244,-0.10958904109589,3,0
108.934725263226,1.74271992632861,-5.36354042716882,-0.10958904109589,3,0
109.093986557471,1.65023759586295,-5.23388498170329,-0.10958904109589,3,0
109.253247851715,1.56003215043525,-5.10263524417057,-0.10958904109589,3,0
109.41250914596,1.47213106749801,-4.96983119451212,-0.10958904109589,3,0
109.571770440204,1.38656112257261,-4.83551328612799,-0.10958904109589,3,0
109.731031734448,1.30334838109323,-4.69972243355425,-0.10958904109589,3,0
109.890293028693,1.222518190467,-4.5625,-0.10958904109589,3,0
110.049554322937,1.14409517235302,-4.42388778474783,-0.10958904109589,3,0
110.208815617182,1.06810321516229,-4.28392801042126,-0.10958904109589,3,0
110.368076911426,0.994565466781141,-4.14266331012336,-0.10958904109589,3,0
110.527338205671,0.923504327520105,-4.00013671445034,-0.10958904109589,3,0
110.686599499915,0.854941443290569,-3.85639163838388,-0.10958904109589,3,0
110.84586079416,0.788897699011271,-3.71147186806669,-0.10958904109589,3,0
111.005122088404,0.725393212246484,-3.56542154746463,-0.10958904109589,3,0
111.164383382649,0.664447327078063,-3.41828516492019,-0.10958904109589,3,0
111.323644676893,0.606078608213036,-3.27010753960087,-0.10958904109589,3,0
111.482905971138,0.550304835328587,-3.12093380784673,-0.10958904109589,3,0
111.642167265382,0.497142997656233,-2.97080940942155,-0.10958904109589,3,0
111.801428559627,0.446609288806725,-2.8197800736714,-0.10958904109589,3,0
111.960689853871,0.398719101837301,-2.66789180559497,-0.10958904109589,3,0
112.119951148116,0.353487024562842,-2.51519087183013,-0.10958904109589,3,0
112.27921244236,0.310926835112253,-2.3617237865605,-0.10958904109589,3,0
112.438473736605,0.271051497731531,-2.20753729734696,-0.10958904109589,3,0
112.597735030849,0.233873158834729,-2.05267837088777,-0.10958904109589,3,0
112.756996325094,0.199403143304023,-1.89719417871205,-0.10958904109589,3,0
112.916257619338,0.167651951040067,-1.74113208281098,-0.10958904109589,3,0
113.075518913583,0.138629253763602,-1.58453962121074,-0.10958904109589,3,0
113.234780207827,0.112343892069369,-1.4274644934921,-0.10958904109589,3,0
113.394041502072,0.0888038727331715,-1.2699545462606,-0.10958904109589,3,0
113.553302796316,0.0680163662729374,-1.11205775857197,-0.10958904109589,3,0
113.712564090561,0.0499877047645079,-0.953822227317348,-0.10958904109589,3,0
113.871825384805,0.0347233799128226,-0.795296152572384,-0.10958904109589,3,0
114.03108667905,0.0222280413791029,-0.636527822915141,-0.10958904109589,3,0
114.190347973294,0.012505495364513,-0.47756560071687,-0.10958904109589,3,0
114.349609267538,0.00555870345075071,-0.318457907410322,-0.10958904109589,3,0
114.508870561783,0.00138978169792914,-0.159253208740207,-0.10958904109589,3,0
114.668131856027,0,-4.46996081688784e-15,0.10958904109589,3,0
114.827393150272,-0.00138978169792914,0.159253208740212,0.10958904109589,3,0
114.986654444516,-0.00555870345075071,0.318457907410321,0.10958904109589,3,0
115.145915738761,-0.012505495364513,0.477565600716862,0.10958904109589,3,0
115.305177033005,-0.0222280413791047,0.636527822915143,0.10958904109589,3,0
115.46443832725,-0.0347233799128226,0.795296152572381,0.10958904109589,3,0
115.623699621494,-0.0499877047645061,0.953822227317338,0.10958904109589,3,0
115.782960915739,-0.0680163662729374,1.11205775857197,0.10958904109589,3,0
115.942222209983,-0.0888038727331697,1.2699545462606,0.10958904109589,3,0
116.101483504228,-0.112343892069369,1.42746449349211,0.10958904109589,3,0
116.260744798472,-0.138629253763602,1.58453962121074,0.10958904109589,3,0
116.420006092717,-0.167651951040066,1.74113208281097,0.10958904109589,3,0
116.579267386961,-0.199403143304023,1.89719417871205,0.10958904109589,3,0
116.738528681206,-0.233873158834728,2.05267837088777,0.10958904109589,3,0
116.89778997545,-0.271051497731532,2.20753729734697,0.10958904109589,3,0
117.057051269695,-0.310926835112252,2.3617237865605,0.10958904109589,3,0
117.216312563939,-0.35348702456284,2.51519087183012,0.10958904109589,3,0
117.375573858184,-0.398719101837301,2.66789180559497,0.10958904109589,3,0
117.534835152428,-0.446609288806725,2.81978007367139,0.10958904109589,3,0
117.694096446673,-0.497142997656233,2.97080940942155,0.10958904109589,3,0
117.853357740917,-0.550304835328586,3.12093380784673,0.10958904109589,3,0
118.012619035162,-0.606078608213034,3.27010753960086,0.10958904109589,3,0
118.171880329406,-0.664447327078065,3.4182851649202,0.10958904109589,3,0
118.331141623651,-0.725393212246482,3.56542154746462,0.10958904109589,3,0
118.490402917895,-0.788897699011267,3.71147186806668,0.10958904109589,3,0
118.64966421214,-0.854941443290569,3.85639163838388,0.10958904109589,3,0
118.808925506384,-0.923504327520101,4.00013671445033,0.10958904109589,3,0
118.968186800628,-0.994565466781143,4.14266331012336,0.10958904109589,3,0
119.127448094873,-1.06810321516229,4.28392801042125,0.10958904109589,3,0
119.286709389117,-1.14409517235301,4.42388778474783,0.10958904109589,3,0
119.445970683362,-1.222518190467,4.5625,0.10958904109589,3,0
119.605231977606,-1.30334838109323,4.69972243355424,0.10958904109589,3,0
119.764493271851,-1.38656112257261,4.83551328612799,0.10958904109589,3,0
119.923754566095,-1.47213106749801,4.96983119451212,0.10958904109589,3,0
120.08301586034,-1.56003215043525,5.10263524417057,0.10958904109589,3,0
120.242277154584,-1.65023759586295,5.2338849817033,0.10958904109589,3,0
120.401538448829,-1.7427199263286,5.36354042716882,0.10958904109589,3,0
120.560799743073,-1.83745097081845,5.49156208626244,0.10958904109589,3,0
120.720061037318,-1.93440187333866,5.61791096234663,0.10958904109589,3,0
120.879322331562,-2.03354310170514,5.74254856832977,0.10958904109589,3,0
121.038583625807,-2.13484445653933,5.86543693838967,0.10958904109589,3,0
121.197844920051,-2.23827508046721,5.98653863953838,0.10958904109589,3,0
121.357106214296,-2.34380346751878,6.10581678302458,0.10958904109589,3,0
121.51636750854,-2.45139747272507,6.2232350355703,0.10958904109589,3,0
121.675628802785,-2.56102432190981,6.33875763043835,0.10958904109589,3,0
121.834890097029,-2.67265062167275,6.45234937832725,0.10958904109589,3,0
121.994151391274,-2.78624236956165,6.56397567809019,0.10958904109589,3,0
122.153412685518,-2.9017649644297,6.67360252727493,0.10958904109589,3,0
122.312673979763,-3.01918321697542,6.78119653248122,0.10958904109589,3,0
122.471935274007,-3.13846136046162,6.88672491953279,0.10958904109589,3,0
122.631196568252,-3.25956306161033,6.99015554346067,0.10958904109589,3,0
122.790457862496,-3.38245143167023,7.09145689829486,0.10958904109589,3,0
122.949719156741,-3.50708903765337,7.19059812666134,0.10958904109589,3,0
123.108980450985,-3.63343791373756,7.28754902918155,0.10958904109589,3,0
123.26824174523,-3.76145957283118,7.3822800736714,0.10958904109589,3,0
123.427503039474,-3.8911150182967,7.47476240413705,0.10958904109589,3,0
123.586764333718,-4.02236475582944,7.56496784956476,0.10958904109589,3,0
123.746025627963,-4.15516880548788,7.65286893250199,0.10958904109589,3,0
123.905286922207,-4.28948671387201,7.73843887742739,0.10958904109589,3,0
124.064548216452,-4.42527756644576,7.82165161890677,0.10958904109589,3,0
124.223809510696,-4.5625,7.902481809533,0.10958904109589,3,0
124.383070804941,-4.70111221525217,7.98090482764699,0.10958904109589,3,0
124.542332099185,-4.84107198957875,8.05689678483771,0.10958904109589,3,0
124.70159339343,-4.98233668987664,8.13043453321886,0.10958904109589,3,0
124.860854687674,-5.12486328554967,8.2014956724799,0.10958904109589,3,0
125.020115981919,-5.26860836161612,8.27005855670943,0.10958904109589,3,0
125.179377276163,-5.41352813193332,8.33610230098873,0.10958904109589,3,0
125.338638570408,-5.55957845253538,8.39960678775352,0.10958904109589,3,0
125.497899864652,-5.7067148350798,8.46055267292193,0.10958904109589,3,0
125.657161158897,-5.85489246039913,8.51892139178697,0.10958904109589,3,0
125.816422453141,-6.00406619215327,8.57469516467141,0.10958904109589,3,0
125.975683747386,-6.15419059057844,8.62785700234376,0.10958904109589,3,0
126.13494504163,-6.3052199263286,8.67839071119328,0.10958904109589,3,0
126.294206335875,-6.45710819440503,8.7262808981627,0.10958904109589,3,0
126.453467630119,-6.60980912816988,8.77151297543716,0.10958904109589,3,0
126.612728924364,-6.7632762134395,8.81407316488775,0.10958904109589,3,0
126.771990218608,-6.91746270265303,8.85394850226847,0.10958904109589,3,0
126.931251512853,-7.07232162911223,8.89112684116527,0.10958904109589,3,0
127.090512807097,-7.22780582128795,8.92559685669598,0.10958904109589,3,0
127.249774101342,-7.38386791718903,8.95734804895993,0.10958904109589,3,0
127.409035395586,-7.54046037878926,8.9863707462364,0.10958904109589,3,0
127.568296689831,-7.69753550650789,9.01265610793063,0.10958904109589,3,0
127.727557984075,-7.8550454537394,9.03619612726683,0.10958904109589,3,0
127.88681927832,-8.01294224142803,9.05698363372706,0.10958904109589,3,0
128.046080572564,-8.17117777268266,9.07501229523549,0.10958904109589,3,0
128.205341866808,-8.32970384742762,9.09027662008718,0.10958904109589,3,0
128.364603161053,-8.48847217708486,9.1027719586209,0.10958904109589,3,0
128.523864455297,-8.64743439928314,9.11249450463549,0.10958904109589,3,0
128.683125749542,-8.80654209258968,9.11944129654925,0.10958904109589,3,0
128.842387043786,-8.96574679125979,9.12361021830207,0.10958904109589,3,0
129.001648338031,-9.125,9.125,0.10958904109589,3,0
129.160909632275,-9.28425320874021,9.12361021830207,0.10958904109589,3,0
129.32017092652,-9.44345790741032,9.11944129654925,0.10958904109589,3,0
129.479432220764,-9.60256560071686,9.11249450463549,0.10958904109589,3,0
129.638693515009,-9.76152782291514,9.1027719586209,0.10958904109589,3,0
129.797954809253,-9.92029615257238,9.09027662008718,0.10958904109589,3,0
129.957216103498,-10.0788222273173,9.07501229523549,0.10958904109589,3,0
130.116477397742,-10.237057758572,9.05698363372706,0.10958904109589,3,0
130.275738691987,-10.3949545462606,9.03619612726683,0.10958904109589,3,0
130.434999986231,-10.5524644934921,9.01265610793063,0.10958904109589,3,0
130.594261280476,-10.7095396212107,8.9863707462364,0.10958904109589,3,0
130.75352257472,-10.866132082811,8.95734804895993,0.10958904109589,3,0
130.912783868965,-11.0221941787121,8.92559685669598,0.10958904109589,3,0
131.072045163209,-11.1776783708878,8.89112684116527,0.10958904109589,3,0
131.231306457454,-11.332537297347,8.85394850226847,0.10958904109589,3,0
131.390567751698,-11.4867237865605,8.81407316488775,0.10958904109589,3,0
131.549829045943,-11.6401908718301,8.77151297543716,0.10958904109589,3,0
131.709090340187,-11.792891805595,8.7262808981627,0.10958904109589,3,0
131.868351634432,-11.9447800736714,8.67839071119328,0.10958904109589,3,0
132.027612928676,-12.0958094094216,8.62785700234377,0.10958904109589,3,0
132.186874222921,-12.2459338078467,8.57469516467141,0.10958904109589,3,0
132.346135517165,-12.3951075396009,8.51892139178697,0.10958904109589,3,0
132.505396811409,-12.5432851649202,8.46055267292193,0.10958904109589,3,0
132.664658105654,-12.6904215474646,8.39960678775352,0.10958904109589,3,0
132.823919399898,-12.8364718680667,8.33610230098873,0.10958904109589,3,0
132.983180694143,-12.9813916383839,8.27005855670943,0.10958904109589,3,0
133.142441988387,-13.1251367144503,8.2014956724799,0.10958904109589,3,0
133.301703282632,-13.2676633101234,8.13043453321886,0.10958904109589,3,0
133.460964576876,-13.4089280104213,8.05689678483771,0.10958904109589,3,0
133.620225871121,-13.5488877847478,7.98090482764699,0.10958904109589,3,0
133.779487165365,-13.6875,7.902481809533,0.10958904109589,3,0
133.93874845961,-13.8247224335542,7.82165161890677,0.10958904109589,3,0
134.098009753854,-13.960513286128,7.73843887742739,0.10958904109589,3,0
134.257271048099,-14.0948311945121,7.65286893250199,0.10958904109589,3,0
134.416532342343,-14.2276352441706,7.56496784956476,0.10958904109589,3,0
134.575793636588,-14.3588849817033,7.47476240413705,0.10958904109589,3,0
134.735054930832,-14.4885404271688,7.3822800736714,0.10958904109589,3,0
134.894316225077,-14.6165620862624,7.28754902918155,0.10958904109589,3,0
135.053577519321,-14.7429109623466,7.19059812666134,0.10958904109589,3,0
135.212838813566,-14.8675485683298,7.09145689829486,0.10958904109589,3,0
135.37210010781,-14.9904369383897,6.99015554346067,0.10958904109589,3,0
135.531361402055,-15.1115386395384,6.8867249195328,0.10958904109589,3,0
135.690622696299,-15.2308167830246,6.78119653248122,0.10958904109589,3,0
135.849883990544,-15.3482350355703,6.67360252727493,0.10958904109589,3,0
136.009145284788,-15.4637576304384,6.56397567809019,0.10958904109589,3,0
136.168406579033,-15.5773493783272,6.45234937832725,0.10958904109589,3,0
136.327667873277,-15.6889756780902,6.33875763043835,0.10958904109589,3,0
136.486929167522,-15.7986025272749,6.2232350355703,0.10958904109589,3,0
136.646190461766,-15.9061965324812,6.10581678302458,0.10958904109589,3,0
136.805451756011,-16.0117249195328,5.98653863953838,0.10958904109589,3,0
136.964713050255,-16.1151555434607,5.86543693838967,0.10958904109589,3,0
137.123974344499,-16.2164568982949,5.74254856832977,0.10958904109589,3,0
137.283235638744,-16.3155981266613,5.61791096234663,0.10958904109589,3,0
137.442496932988,-16.4125490291815,5.49156208626244,0.10958904109589,3,0
137.601758227233,-16.5072800736714,5.36354042716882,0.10958904109589,3,0
137.761019521477,-16.5997624041371,5.23388498170329,0.10958904109589,3,0
137.920280815722,-16.6899678495648,5.10263524417057,0.10958904109589,3,0
138.079542109966,-16.777868932502,4.96983119451212,0.10958904109589,3,0
138.238803404211,-16.8634388774274,4.83551328612799,0.10958904109589,3,0
138.398064698455,-16.9466516189068,4.69972243355425,0.10958904109589,3,0
138.5573259927,-17.027481809533,4.5625,0.10958904109589,3,0
138.716587286944,-17.105904827647,4.42388778474783,0.10958904109589,3,0
138.875848581189,-17.1818967848377,4.28392801042125,0.10958904109589,3,0
139.035109875433,-17.2554345332189,4.14266331012336,0.10958904109589,3,0
139.194371169678,-17.3264956724799,4.00013671445033,0.10958904109589,3,0
139.353632463922,-17.3950585567094,3.85639163838388,0.10958904109589,3,0
139.512893758167,-17.4611023009887,3.71147186806668,0.10958904109589,3,0
139.672155052411,-17.5246067877535,3.56542154746462,0.10958904109589,3,0
139.831416346656,-17.5855526729219,3.4182851649202,0.10958904109589,3,0
139.9906776409,-17.643921391787,3.27010753960086,0.10958904109589,3,0
140.149938935145,-17.6996951646714,3.12093380784673,0.10958904109589,3,0
140.309200229389,-17.7528570023438,2.97080940942155,0.10958904109589,3,0
140.468461523634,-17.8033907111933,2.8197800736714,0.10958904109589,3,0
140.627722817878,-17.8512808981627,2.66789180559497,0.10958904109589,3,0
140.786984112123,-17.8965129754372,2.51519087183012,0.10958904109589,3,0
140.946245406367,-17.9390731648877,2.3617237865605,0.10958904109589,3,0
141.105506700612,-17.9789485022685,2.20753729734697,0.10958904109589,3,0
141.264767994856,-18.0161268411653,2.05267837088777,0.10958904109589,3,0
141.424029289101,-18.050596856696,1.89719417871205,0.10958904109589,3,0
141.583290583345,-18.0823480489599,1.74113208281097,0.10958904109589,3,0
141.742551877589,-18.1113707462364,1.58453962121074,0.10958904109589,3,0
141.901813171834,-18.1376561079306,1.42746449349211,0.10958904109589,3,0
142.061074466078,-18.1611961272668,1.2699545462606,0.10958904109589,3,0
142.220335760323,-18.1819836337271,1.11205775857197,0.10958904109589,3,0
142.379597054567,-18.2000122952355,0.95382222731734,0.10958904109589,3,0
142.538858348812,-18.2152766200872,0.795296152572381,0.10958904109589,3,0
142.698119643056,-18.2277719586209,0.636527822915145,0.10958904109589,3,0
142.857380937301,-18.2374945046355,0.477565600716862,0.10958904109589,3,0
143.016642231545,-18.2444412965492,0.318457907410323,0.10958904109589,3,0
143.17590352579,-18.2486102183021,0.159253208740211,0.10958904109589,3,0
143.335164820034,-18.25,1.11749020422196e-15,0.10958904109589,3,0
143.494426114279,-18.2486102183021,-0.159253208740213,0.10958904109589,3,0
143.653687408523,-18.2444412965492,-0.318457907410321,0.10958904109589,3,0
143.812948702768,-18.2374945046355,-0.47756560071686,0.10958904109589,3,0
143.972209997012,-18.2277719586209,-0.636527822915143,0.10958904109589,3,0
144.131471291257,-18.2152766200872,-0.795296152572379,0.10958904109589,3,0
144.290732585501,-18.2000122952355,-0.953822227317338,0.10958904109589,3,0
144.449993879746,-18.1819836337271,-1.11205775857197,0.10958904109589,3,0
144.60925517399,-18.1611961272668,-1.2699545462606,0.10958904109589,3,0
144.768516468235,-18.1376561079306,-1.42746449349211,0.10958904109589,3,0
144.927777762479,-18.1113707462364,-1.58453962121074,0.10958904109589,3,0
145.087039056724,-18.0823480489599,-1.74113208281097,0.10958904109589,3,0
145.246300350968,-18.050596856696,-1.89719417871206,0.10958904109589,3,0
145.405561645213,-18.0161268411653,-2.05267837088777,0.10958904109589,3,0
145.564822939457,-17.9789485022685,-2.20753729734697,0.10958904109589,3,0
145.724084233702,-17.9390731648877,-2.3617237865605,0.10958904109589,3,0
145.883345527946,-17.8965129754372,-2.51519087183012,0.10958904109589,3,0
146.042606822191,-17.8512808981627,-2.66789180559497,0.10958904109589,3,0
146.201868116435,-17.8033907111933,-2.81978007367139,0.10958904109589,3,0
146.361129410679,-17.7528570023438,-2.97080940942156,0.10958904109589,3,0
146.520390704924,-17.6996951646714,-3.12093380784673,0.10958904109589,3,0
146.679651999168,-17.643921391787,-3.27010753960087,0.10958904109589,3,0
146.838913293413,-17.5855526729219,-3.4182851649202,0.10958904109589,3,0
146.998174587657,-17.5246067877535,-3.56542154746462,0.10958904109589,3,0
147.157435881902,-17.4611023009887,-3.71147186806668,0.10958904109589,3,0
147.316697176146,-17.3950585567094,-3.85639163838388,0.10958904109589,3,0
147.475958470391,-17.3264956724799,-4.00013671445033,0.10958904109589,3,0
147.635219764635,-17.2554345332189,-4.14266331012336,0.10958904109589,3,0
147.79448105888,-17.1818967848377,-4.28392801042125,0.10958904109589,3,0
147.953742353124,-17.105904827647,-4.42388778474782,0.10958904109589,3,0
148.113003647369,-17.027481809533,-4.5625,0.10958904109589,3,0
148.272264941613,-16.9466516189068,-4.69972243355424,0.10958904109589,3,0
148.431526235858,-16.8634388774274,-4.83551328612799,0.10958904109589,3,0
148.590787530102,-16.777868932502,-4.96983119451212,0.10958904109589,3,0
148.750048824347,-16.6899678495648,-5.10263524417056,0.10958904109589,3,0
148.909310118591,-16.599762404137,-5.2338849817033,0.10958904109589,3,0
149.068571412836,-16.5072800736714,-5.36354042716882,0.10958904109589,3,0
149.22783270708,-16.4125490291815,-5.49156208626244,0.10958904109589,3,0
149.387094001325,-16.3155981266613,-5.61791096234663,0.10958904109589,3,0
149.546355295569,-16.2164568982949,-5.74254856832977,0.10958904109589,3,0
149.705616589814,-16.1151555434607,-5.86543693838967,0.10958904109589,3,0
149.864877884058,-16.0117249195328,-5.98653863953838,0.10958904109589,3,0
150.024139178303,-15.9061965324812,-6.10581678302458,0.10958904109589,3,0
150.183400472547,-15.7986025272749,-6.2232350355703,0.10958904109589,3,0
150.342661766792,-15.6889756780902,-6.33875763043835,0.10958904109589,3,0
150.501923061036,-15.5773493783272,-6.45234937832725,0.10958904109589,3,0
150.661184355281,-15.4637576304383,-6.56397567809019,0.10958904109589,3,0
150.820445649525,-15.3482350355703,-6.67360252727493,0.10958904109589,3,0
150.979706943769,-15.2308167830246,-6.78119653248122,0.10958904109589,3,0
151.138968238014,-15.1115386395384,-6.88672491953279,0.10958904109589,3,0
151.298229532258,-14.9904369383897,-6.99015554346067,0.10958904109589,3,0
151.457490826503,-14.8675485683298,-7.09145689829486,0.10958904109589,3,0
151.616752120747,-14.7429109623466,-7.19059812666134,0.10958904109589,3,0
151.776013414992,-14.6165620862624,-7.28754902918155,0.10958904109589,3,0
151.935274709236,-14.4885404271688,-7.38228007367139,0.10958904109589,3,0
152.094536003481,-14.3588849817033,-7.47476240413705,0.10958904109589,3,0
152.253797297725,-14.2276352441706,-7.56496784956476,0.10958904109589,3,0
152.41305859197,-14.0948311945121,-7.65286893250199,0.10958904109589,3,0
152.572319886214,-13.960513286128,-7.73843887742739,0.10958904109589,3,0
152.731581180459,-13.8247224335542,-7.82165161890677,0.10958904109589,3,0
152.890842474703,-13.6875,-7.902481809533,0.10958904109589,3,0
153.050103768948,-13.5488877847478,-7.98090482764699,0.10958904109589,3,0
153.209365063192,-13.4089280104213,-8.05689678483771,0.10958904109589,3,0
153.368626357437,-13.2676633101234,-8.13043453321886,0.10958904109589,3,0
153.527887651681,-13.1251367144503,-8.2014956724799,0.10958904109589,3,0
153.687148945926,-12.9813916383839,-8.27005855670943,0.10958904109589,3,0
153.84641024017,-12.8364718680667,-8.33610230098873,0.10958904109589,3,0
154.005671534415,-12.6904215474646,-8.39960678775352,0.10958904109589,3,0
154.164932828659,-12.5432851649202,-8.46055267292193,0.10958904109589,3,0
154.324194122904,-12.3951075396009,-8.51892139178696,0.10958904109589,3,0
154.483455417148,-12.2459338078467,-8.57469516467141,0.10958904109589,3,0
154.642716711393,-12.0958094094216,-8.62785700234377,0.10958904109589,3,0
154.801978005637,-11.9447800736714,-8.67839071119328,0.10958904109589,3,0
154.961239299882,-11.792891805595,-8.7262808981627,0.10958904109589,3,0
155.120500594126,-11.6401908718301,-8.77151297543716,0.10958904109589,3,0
155.279761888371,-11.4867237865605,-8.81407316488775,0.10958904109589,3,0
155.439023182615,-11.332537297347,-8.85394850226847,0.10958904109589,3,0
155.598284476859,-11.1776783708878,-8.89112684116527,0.10958904109589,3,0
155.757545771104,-11.0221941787121,-8.92559685669598,0.10958904109589,3,0
155.916807065348,-10.866132082811,-8.95734804895993,0.10958904109589,3,0
156.076068359593,-10.7095396212107,-8.9863707462364,0.10958904109589,3,0
156.235329653837,-10.5524644934921,-9.01265610793063,0.10958904109589,3,0
156.394590948082,-10.3949545462606,-9.03619612726683,0.10958904109589,3,0
156.553852242326,-10.237057758572,-9.05698363372706,0.10958904109589,3,0
156.713113536571,-10.0788222273173,-9.07501229523549,0.10958904109589,3,0
156.872374830815,-9.92029615257238,-9.09027662008718,0.10958904109589,3,0
157.03163612506,-9.76152782291514,-9.1027719586209,0.10958904109589,3,0
157.190897419304,-9.60256560071687,-9.11249450463549,0.10958904109589,3,0
157.350158713549,-9.44345790741032,-9.11944129654925,0.10958904109589,3,0
157.509420007793,-9.28425320874021,-9.12361021830207,0.10958904109589,3,0
157.668681302038,-9.125,-9.125,0.10958904109589,3,0
157.827942596282,-8.96574679125979,-9.12361021830207,0.10958904109589,3,0
157.987203890527,-8.80654209258968,-9.11944129654925,0.10958904109589,3,0
158.146465184771,-8.64743439928314,-9.11249450463549,0.10958904109589,3,0
158.305726479016,-8.48847217708486,-9.1027719586209,0.10958904109589,3,0
158.46498777326,-8.32970384742762,-9.09027662008718,0.10958904109589,3,0
158.624249067505,-8.17117777268267,-9.07501229523549,0.10958904109589,3,0
158.783510361749,-8.01294224142803,-9.05698363372706,0.10958904109589,3,0
158.942771655994,-7.8550454537394,-9.03619612726683,0.10958904109589,3,0
159.102032950238,-7.6975355065079,-9.01265610793063,0.10958904109589,3,0
159.261294244483,-7.54046037878926,-8.9863707462364,0.10958904109589,3,0
159.420555538727,-7.38386791718903,-8.95734804895993,0.10958904109589,3,0
159.579816832972,-7.22780582128795,-8.92559685669598,0.10958904109589,3,0
159.739078127216,-7.07232162911223,-8.89112684116527,0.10958904109589,3,0
159.89833942146,-6.91746270265303,-8.85394850226847,0.10958904109589,3,0
160.057600715705,-6.7632762134395,-8.81407316488775,0.10958904109589,3,0
160.216862009949,-6.60980912816988,-8.77151297543716,0.10958904109589,3,0
160.376123304194,-6.45710819440503,-8.7262808981627,0.10958904109589,3,0
160.535384598438,-6.30521992632861,-8.67839071119328,0.10958904109589,3,0
160.694645892683,-6.15419059057845,-8.62785700234377,0.10958904109589,3,0
160.853907186927,-6.00406619215327,-8.57469516467141,0.10958904109589,3,0
161.013168481172,-5.85489246039913,-8.51892139178697,0.10958904109589,3,0
161.172429775416,-5.7067148350798,-8.46055267292193,0.10958904109589,3,0
161.331691069661,-5.55957845253538,-8.39960678775352,0.10958904109589,3,0
161.490952363905,-5.41352813193333,-8.33610230098873,0.10958904109589,3,0
161.65021365815,-5.26860836161612,-8.27005855670943,0.10958904109589,3,0
161.809474952394,-5.12486328554967,-8.2014956724799,0.10958904109589,3,0
161.968736246639,-4.98233668987664,-8.13043453321886,0.10958904109589,3,0
162.127997540883,-4.84107198957875,-8.05689678483771,0.10958904109589,3,0
162.287258835128,-4.70111221525217,-7.98090482764699,0.10958904109589,3,0
162.446520129372,-4.5625,-7.902481809533,0.10958904109589,3,0
162.605781423617,-4.42527756644576,-7.82165161890677,0.10958904109589,3,0
162.765042717861,-4.28948671387201,-7.73843887742739,0.10958904109589,3,0
162.924304012106,-4.15516880548788,-7.652868932502,0.10958904109589,3,0
163.08356530635,-4.02236475582943,-7.56496784956475,0.10958904109589,3,0
163.242826600595,-3.8911150182967,-7.47476240413705,0.10958904109589,3,0
163.402087894839,-3.76145957283118,-7.3822800736714,0.10958904109589,3,0
163.561349189084,-3.63343791373756,-7.28754902918155,0.10958904109589,3,0
163.720610483328,-3.50708903765337,-7.19059812666134,0.10958904109589,3,0
163.879871777573,-3.38245143167023,-7.09145689829486,0.10958904109589,3,0
164.039133071817,-3.25956306161033,-6.99015554346068,0.10958904109589,3,0
164.198394366062,-3.13846136046162,-6.8867249195328,0.10958904109589,3,0
164.357655660306,-3.01918321697542,-6.78119653248123,0.10958904109589,3,0
164.516916954551,-2.9017649644297,-6.67360252727493,0.10958904109589,3,0
164.676178248795,-2.78624236956165,-6.56397567809019,0.10958904109589,3,0
164.835439543039,-2.67265062167276,-6.45234937832725,0.10958904109589,3,0
164.994700837284,-2.56102432190981,-6.33875763043835,0.10958904109589,3,0
165.153962131528,-2.45139747272507,-6.2232350355703,0.10958904109589,3,0
165.313223425773,-2.34380346751878,-6.10581678302458,0.10958904109589,3,0
165.472484720017,-2.23827508046721,-5.98653863953838,0.10958904109589,3,0
165.631746014262,-2.13484445653933,-5.86543693838967,0.10958904109589,3,0
165.791007308506,-2.03354310170514,-5.74254856832977,0.10958904109589,3,0
165.950268602751,-1.93440187333866,-5.61791096234663,0.10958904109589,3,0
166.109529896995,-1.83745097081845,-5.49156208626244,0.10958904109589,3,0
166.26879119124,-1.74271992632861,-5.36354042716882,0.10958904109589,3,0
166.428052485484,-1.65023759586295,-5.2338849817033,0.10958904109589,3,0
166.587313779729,-1.56003215043524,-5.10263524417056,0.10958904109589,3,0
166.746575073973,-1.47213106749801,-4.96983119451212,0.10958904109589,3,0
166.905836368218,-1.38656112257261,-4.835513286128,0.10958904109589,3,0
167.065097662462,-1.30334838109323,-4.69972243355425,0.10958904109589,3,0
167.224358956707,-1.222518190467,-4.5625,0.10958904109589,3,0
167.383620250951,-1.14409517235301,-4.42388778474782,0.10958904109589,3,0
167.542881545196,-1.06810321516229,-4.28392801042125,0.10958904109589,3,0
167.70214283944,-0.994565466781143,-4.14266331012337,0.10958904109589,3,0
167.861404133685,-0.923504327520103,-4.00013671445033,0.10958904109589,3,0
168.020665427929,-0.854941443290569,-3.85639163838388,0.10958904109589,3,0
168.179926722174,-0.788897699011265,-3.71147186806668,0.10958904109589,3,0
168.339188016418,-0.725393212246482,-3.56542154746462,0.10958904109589,3,0
168.498449310663,-0.664447327078065,-3.4182851649202,0.10958904109589,3,0
168.657710604907,-0.606078608213036,-3.27010753960087,0.10958904109589,3,0
168.816971899152,-0.550304835328586,-3.12093380784673,0.10958904109589,3,0
168.976233193396,-0.497142997656233,-2.97080940942155,0.10958904109589,3,0
169.13549448764,-0.446609288806725,-2.8197800736714,0.10958904109589,3,0
169.294755781885,-0.398719101837303,-2.66789180559498,0.10958904109589,3,0
169.454017076129,-0.35348702456284,-2.51519087183012,0.10958904109589,3,0
169.613278370374,-0.310926835112252,-2.3617237865605,0.10958904109589,3,0
169.772539664618,-0.271051497731532,-2.20753729734697,0.10958904109589,3,0
169.931800958863,-0.233873158834729,-2.05267837088777,0.10958904109589,3,0
170.091062253107,-0.199403143304025,-1.89719417871206,0.10958904109589,3,0
170.250323547352,-0.167651951040066,-1.74113208281097,0.10958904109589,3,0
170.409584841596,-0.138629253763602,-1.58453962121074,0.10958904109589,3,0
170.568846135841,-0.112343892069369,-1.42746449349211,0.10958904109589,3,0
170.728107430085,-0.0888038727331715,-1.2699545462606,0.10958904109589,3,0
170.88736872433,-0.0680163662729356,-1.11205775857197,0.10958904109589,3,0
171.046630018574,-0.0499877047645061,-0.953822227317337,0.10958904109589,3,0
171.205891312819,-0.0347233799128226,-0.795296152572382,0.10958904109589,3,0
171.365152607063,-0.0222280413791047,-0.636527822915146,0.10958904109589,3,0
171.524413901308,-0.012505495364513,-0.477565600716867,0.10958904109589,3,0
171.683675195552,-0.00555870345075071,-0.31845790741032,0.10958904109589,3,0
171.842936489797,-0.00138978169792914,-0.159253208740212,0.10958904109589,3,0
172.002197784041,0,-2.23498040844392e-15,0.10958904109589,3,0
172.161459078286,-0.00138978169792914,0.159253208740208,0.10958904109589,3,0
172.32072037253,-0.00555870345075071,0.318457907410324,0.10958904109589,3,0
172.479981666775,-0.012505495364513,0.477565600716863,0.10958904109589,3,0
172.639242961019,-0.0222280413791029,0.636527822915142,0.10958904109589,3,0
172.798504255264,-0.0347233799128226,0.795296152572378,0.10958904109589,3,0
172.957765549508,-0.0499877047645061,0.953822227317333,0.10958904109589,3,0
173.117026843753,-0.0680163662729374,1.11205775857197,0.10958904109589,3,0
173.276288137997,-0.0888038727331697,1.2699545462606,0.10958904109589,3,0
173.435549432242,-0.112343892069369,1.4274644934921,0.10958904109589,3,0
173.594810726486,-0.1386292537636,1.58453962121074,0.10958904109589,3,0
173.75407202073,-0.167651951040067,1.74113208281097,0.10958904109589,3,0
173.913333314975,-0.199403143304025,1.89719417871205,0.10958904109589,3,0
174.072594609219,-0.233873158834728,2.05267837088777,0.10958904109589,3,0
174.231855903464,-0.271051497731531,2.20753729734696,0.10958904109589,3,0
174.391117197708,-0.31092683511225,2.3617237865605,0.10958904109589,3,0
174.550378491953,-0.353487024562842,2.51519087183012,0.10958904109589,3,0
174.709639786197,-0.398719101837301,2.66789180559497,0.10958904109589,3,0
174.868901080442,-0.446609288806723,2.81978007367139,0.10958904109589,3,0
175.028162374686,-0.497142997656233,2.97080940942155,0.10958904109589,3,0
175.187423668931,-0.550304835328587,3.12093380784673,0.10958904109589,3,0
175.346684963175,-0.606078608213034,3.27010753960087,0.10958904109589,3,0
175.50594625742,-0.664447327078065,3.4182851649202,0.10958904109589,3,0
175.665207551664,-0.72539321224648,3.56542154746462,0.10958904109589,3,0
175.824468845909,-0.788897699011269,3.71147186806668,0.10958904109589,3,0
175.983730140153,-0.854941443290569,3.85639163838388,0.10958904109589,3,0
176.142991434398,-0.923504327520101,4.00013671445033,0.10958904109589,3,0
176.302252728642,-0.994565466781141,4.14266331012336,0.10958904109589,3,0
176.461514022887,-1.06810321516229,4.28392801042125,0.10958904109589,3,0
176.620775317131,-1.14409517235301,4.42388778474783,0.10958904109589,3,0
176.780036611376,-1.222518190467,4.5625,0.10958904109589,3,0
176.93929790562,-1.30334838109323,4.69972243355424,0.10958904109589,3,0
177.098559199865,-1.38656112257261,4.83551328612799,0.10958904109589,3,0
177.257820494109,-1.47213106749801,4.96983119451212,0.10958904109589,3,0
177.417081788354,-1.56003215043525,5.10263524417057,0.10958904109589,3,0
177.576343082598,-1.65023759586295,5.2338849817033,0.10958904109589,3,0
177.735604376843,-1.7427199263286,5.36354042716882,0.10958904109589,3,0
177.894865671087,-1.83745097081845,5.49156208626244,0.10958904109589,3,0
178.054126965332,-1.93440187333866,5.61791096234663,0.10958904109589,3,0
178.213388259576,-2.03354310170514,5.74254856832977,0.10958904109589,3,0
178.37264955382,-2.13484445653932,5.86543693838967,0.10958904109589,3,0
178.531910848065,-2.2382750804672,5.98653863953838,0.10958904109589,3,0
178.691172142309,-2.34380346751878,6.10581678302458,0.10958904109589,3,0
178.850433436554,-2.45139747272507,6.2232350355703,0.10958904109589,3,0
179.009694730798,-2.56102432190981,6.33875763043835,0.10958904109589,3,0
179.168956025043,-2.67265062167275,6.45234937832724,0.10958904109589,3,0
179.328217319287,-2.78624236956165,6.56397567809019,0.10958904109589,3,0
179.487478613532,-2.9017649644297,6.67360252727493,0.10958904109589,3,0
179.646739907776,-3.01918321697542,6.78119653248122,0.10958904109589,3,0
179.806001202021,-3.13846136046162,6.88672491953279,0.10958904109589,3,0
179.965262496265,-3.25956306161033,6.99015554346067,0.10958904109589,3,0
180.12452379051,-3.38245143167024,7.09145689829486,0.10958904109589,3,0
180.283785084754,-3.50708903765337,7.19059812666134,0.10958904109589,3,0
180.443046378999,-3.63343791373756,7.28754902918155,0.10958904109589,3,0
180.602307673243,-3.76145957283118,7.38228007367139,0.10958904109589,3,0
180.761568967488,-3.8911150182967,7.47476240413705,0.10958904109589,3,0
180.920830261732,-4.02236475582944,7.56496784956476,0.10958904109589,3,0
181.080091555977,-4.15516880548788,7.65286893250199,0.10958904109589,3,0
181.239352850221,-4.289486713872,7.73843887742739,0.10958904109589,3,0
181.398614144466,-4.42527756644575,7.82165161890677,0.10958904109589,3,0
181.55787543871,-4.5625,7.902481809533,0.10958904109589,3,0
181.717136732955,-4.70111221525218,7.98090482764699,0.10958904109589,3,0
181.876398027199,-4.84107198957875,8.05689678483771,0.10958904109589,3,0
182.035659321444,-4.98233668987663,8.13043453321886,0.10958904109589,3,0
182.194920615688,-5.12486328554966,8.2014956724799,0.10958904109589,3,0
182.354181909933,-5.26860836161612,8.27005855670943,0.10958904109589,3,0
182.513443204177,-5.41352813193332,8.33610230098873,0.10958904109589,3,0
182.672704498421,-5.55957845253538,8.39960678775352,0.10958904109589,3,0
182.831965792666,-5.7067148350798,8.46055267292193,0.10958904109589,3,0
182.99122708691,-5.85489246039914,8.51892139178697,0.10958904109589,3,0
183.150488381155,-6.00406619215327,8.57469516467141,0.10958904109589,3,0
183.309749675399,-6.15419059057844,8.62785700234376,0.10958904109589,3,0
183.469010969644,-6.3052199263286,8.67839071119328,0.10958904109589,3,0
183.628272263888,-6.45710819440502,8.7262808981627,0.10958904109589,3,0
183.787533558133,-6.60980912816988,8.77151297543716,0.10958904109589,3,0
183.946794852377,-6.7632762134395,8.81407316488775,0.10958904109589,3,0
184.106056146622,-6.91746270265303,8.85394850226847,0.10958904109589,3,0
184.265317440866,-7.07232162911223,8.89112684116527,0.10958904109589,3,0
184.424578735111,-7.22780582128795,8.92559685669598,0.10958904109589,3,0
184.583840029355,-7.38386791718903,8.95734804895993,0.10958904109589,3,0
184.7431013236,-7.54046037878926,8.9863707462364,0.10958904109589,3,0
184.902362617844,-7.69753550650789,9.01265610793063,0.10958904109589,3,0
185.061623912089,-7.8550454537394,9.03619612726683,0.10958904109589,3,0
185.220885206333,-8.01294224142803,9.05698363372706,0.10958904109589,3,0
185.380146500578,-8.17117777268266,9.07501229523549,0.10958904109589,3,0
185.539407794822,-8.32970384742762,9.09027662008718,0.10958904109589,3,0
185.698669089067,-8.48847217708485,9.1027719586209,0.10958904109589,3,0
185.857930383311,-8.64743439928314,9.11249450463549,0.10958904109589,3,0
186.017191677556,-8.80654209258968,9.11944129654925,0.10958904109589,3,0
186.1764529718,-8.96574679125979,9.12361021830207,0.10958904109589,3,0
186.335714266045,-9.125,9.125,0.10958904109589,3,0
186.494975560289,-9.28425320874021,9.12361021830207,0.10958904109589,3,0
186.654236854534,-9.44345790741032,9.11944129654925,0.10958904109589,3,0
186.813498148778,-9.60256560071686,9.11249450463549,0.10958904109589,3,0
186.972759443023,-9.76152782291514,9.1027719586209,0.10958904109589,3,0
187.132020737267,-9.92029615257238,9.09027662008718,0.10958904109589,3,0
187.291282031512,-10.0788222273173,9.07501229523549,0.10958904109589,3,0
187.450543325756,-10.237057758572,9.05698363372706,0.10958904109589,3,0
187.60980462,-10.3949545462606,9.03619612726683,0.10958904109589,3,0
187.769065914245,-10.5524644934921,9.01265610793063,0.10958904109589,3,0
187.928327208489,-10.7095396212107,8.9863707462364,0.10958904109589,3,0
188.087588502734,-10.866132082811,8.95734804895993,0.10958904109589,3,0
188.246849796978,-11.022194178712,8.92559685669598,0.10958904109589,3,0
188.406111091223,-11.1776783708878,8.89112684116527,0.10958904109589,3,0
188.565372385467,-11.332537297347,8.85394850226847,0.10958904109589,3,0
188.724633679712,-11.4867237865605,8.81407316488775,0.10958904109589,3,0
188.883894973956,-11.6401908718301,8.77151297543716,0.10958904109589,3,0
189.043156268201,-11.792891805595,8.7262808981627,0.10958904109589,3,0
189.202417562445,-11.9447800736714,8.67839071119328,0.10958904109589,3,0
189.36167885669,-12.0958094094216,8.62785700234376,0.10958904109589,3,0
189.520940150934,-12.2459338078467,8.57469516467142,0.10958904109589,3,0
189.680201445179,-12.3951075396009,8.51892139178697,0.10958904109589,3,0
189.839462739423,-12.5432851649202,8.46055267292193,0.10958904109589,3,0
189.998724033668,-12.6904215474646,8.39960678775352,0.10958904109589,3,0
190.157985327912,-12.8364718680667,8.33610230098873,0.10958904109589,3,0
190.317246622157,-12.9813916383839,8.27005855670943,0.10958904109589,3,0
190.476507916401,-13.1251367144503,8.2014956724799,0.10958904109589,3,0
190.635769210646,-13.2676633101234,8.13043453321885,0.10958904109589,3,0
190.79503050489,-13.4089280104212,8.05689678483771,0.10958904109589,3,0
190.954291799135,-13.5488877847478,7.98090482764699,0.10958904109589,3,0
191.113553093379,-13.6875,7.90248180953301,0.10958904109589,3,0
191.272814387624,-13.8247224335542,7.82165161890678,0.10958904109589,3,0
191.432075681868,-13.960513286128,7.73843887742738,0.10958904109589,3,0
191.591336976113,-14.0948311945121,7.652868932502,0.10958904109589,3,0
191.750598270357,-14.2276352441706,7.56496784956475,0.10958904109589,3,0
191.909859564602,-14.3588849817033,7.47476240413706,0.10958904109589,3,0
192.069120858846,-14.4885404271688,7.3822800736714,0.10958904109589,3,0
192.22838215309,-14.6165620862624,7.28754902918155,0.10958904109589,3,0
192.387643447335,-14.7429109623466,7.19059812666134,0.10958904109589,3,0
192.546904741579,-14.8675485683298,7.09145689829486,0.10958904109589,3,0
192.706166035824,-14.9904369383897,6.99015554346067,0.10958904109589,3,0
192.865427330068,-15.1115386395384,6.8867249195328,0.10958904109589,3,0
193.024688624313,-15.2308167830246,6.78119653248122,0.10958904109589,3,0
193.183949918557,-15.3482350355703,6.67360252727494,0.10958904109589,3,0
193.343211212802,-15.4637576304383,6.56397567809019,0.10958904109589,3,0
193.502472507046,-15.5773493783272,6.45234937832724,0.10958904109589,3,0
193.661733801291,-15.6889756780902,6.33875763043835,0.10958904109589,3,0
193.820995095535,-15.7986025272749,6.2232350355703,0.10958904109589,3,0
193.98025638978,-15.9061965324812,6.10581678302459,0.10958904109589,3,0
194.139517684024,-16.0117249195328,5.98653863953838,0.10958904109589,3,0
194.298778978269,-16.1151555434607,5.86543693838967,0.10958904109589,3,0
194.458040272513,-16.2164568982949,5.74254856832977,0.10958904109589,3,0
194.617301566758,-16.3155981266613,5.61791096234663,0.10958904109589,3,0
194.776562861002,-16.4125490291815,5.49156208626245,0.10958904109589,3,0
194.935824155247,-16.5072800736714,5.36354042716882,0.10958904109589,3,0
195.095085449491,-16.5997624041371,5.23388498170329,0.10958904109589,3,0
195.254346743736,-16.6899678495648,5.10263524417057,0.10958904109589,3,0
195.41360803798,-16.777868932502,4.96983119451212,0.10958904109589,3,0
195.572869332225,-16.8634388774274,4.83551328612799,0.10958904109589,3,0
195.732130626469,-16.9466516189068,4.69972243355425,0.10958904109589,3,0
195.891391920714,-17.027481809533,4.5625,0.10958904109589,3,0
196.050653214958,-17.105904827647,4.42388778474783,0.10958904109589,3,0
196.209914509203,-17.1818967848377,4.28392801042125,0.10958904109589,3,0
196.369175803447,-17.2554345332189,4.14266331012336,0.10958904109589,3,0
196.528437097691,-17.3264956724799,4.00013671445034,0.10958904109589,3,0
196.687698391936,-17.3950585567094,3.85639163838388,0.10958904109589,3,0
196.84695968618,-17.4611023009887,3.71147186806668,0.10958904109589,3,0
197.006220980425,-17.5246067877535,3.56542154746463,0.10958904109589,3,0
197.165482274669,-17.5855526729219,3.41828516492019,0.10958904109589,3,0
197.324743568914,-17.643921391787,3.27010753960087,0.10958904109589,3,0
197.484004863158,-17.6996951646714,3.12093380784673,0.10958904109589,3,0
197.643266157403,-17.7528570023438,2.97080940942155,0.10958904109589,3,0
197.802527451647,-17.8033907111933,2.8197800736714,0.10958904109589,3,0
197.961788745892,-17.8512808981627,2.66789180559497,0.10958904109589,3,0
198.121050040136,-17.8965129754372,2.51519087183012,0.10958904109589,3,0
198.280311334381,-17.9390731648877,2.3617237865605,0.10958904109589,3,0
198.439572628625,-17.9789485022685,2.20753729734696,0.10958904109589,3,0
198.59883392287,-18.0161268411653,2.05267837088777,0.10958904109589,3,0
198.758095217114,-18.050596856696,1.89719417871205,0.10958904109589,3,0
198.917356511359,-18.0823480489599,1.74113208281098,0.10958904109589,3,0
199.076617805603,-18.1113707462364,1.58453962121074,0.10958904109589,3,0
199.235879099848,-18.1376561079306,1.4274644934921,0.10958904109589,3,0
199.395140394092,-18.1611961272668,1.2699545462606,0.10958904109589,3,0
199.554401688337,-18.1819836337271,1.11205775857197,0.10958904109589,3,0
199.713662982581,-18.2000122952355,0.953822227317347,0.10958904109589,3,0
199.872924276826,-18.2152766200872,0.795296152572383,0.10958904109589,3,0
200.03218557107,-18.2277719586209,0.636527822915139,0.10958904109589,3,0
200.191446865315,-18.2374945046355,0.477565600716868,0.10958904109589,3,0
200.350708159559,-18.2444412965492,0.318457907410321,0.10958904109589,3,0
200.509969453804,-18.2486102183021,0.159253208740205,0.10958904109589,3,0
200.669230748048,-18.25,3.35247061266588e-15,0.10958904109589,3,0
200.828492042293,-18.2486102183021,-0.159253208740215,0.10958904109589,3,0
200.987753336537,-18.2444412965492,-0.318457907410314,0.10958904109589,3,0
201.147014630781,-18.2374945046355,-0.477565600716862,0.10958904109589,3,0
201.306275925026,-18.2277719586209,-0.636527822915149,0.10958904109589,3,0
201.46553721927,-18.2152766200872,-0.795296152572377,0.10958904109589,3,0
201.624798513515,-18.2000122952355,-0.95382222731734,0.10958904109589,3,0
201.784059807759,-18.1819836337271,-1.11205775857196,0.10958904109589,3,0
201.943321102004,-18.1611961272668,-1.2699545462606,0.10958904109589,3,0
202.102582396248,-18.1376561079306,-1.42746449349211,0.10958904109589,3,0
202.261843690493,-18.1113707462364,-1.58453962121073,0.10958904109589,3,0
202.421104984737,-18.0823480489599,-1.74113208281097,0.10958904109589,3,0
202.580366278982,-18.050596856696,-1.89719417871205,0.10958904109589,3,0
202.739627573226,-18.0161268411653,-2.05267837088777,0.10958904109589,3,0
202.898888867471,-17.9789485022685,-2.20753729734697,0.10958904109589,3,0
203.058150161715,-17.9390731648878,-2.3617237865605,0.10958904109589,3,0
203.21741145596,-17.8965129754372,-2.51519087183012,0.10958904109589,3,0
203.376672750204,-17.8512808981627,-2.66789180559498,0.10958904109589,3,0
203.535934044449,-17.8033907111933,-2.81978007367139,0.10958904109589,3,0
203.695195338693,-17.7528570023438,-2.97080940942156,0.10958904109589,3,0
203.854456632938,-17.6996951646714,-3.12093380784672,0.10958904109589,3,0
204.013717927182,-17.643921391787,-3.27010753960086,0.10958904109589,3,0
204.172979221427,-17.5855526729219,-3.4182851649202,0.10958904109589,3,0
204.332240515671,-17.5246067877535,-3.56542154746462,0.10958904109589,3,0
204.491501809916,-17.4611023009887,-3.71147186806668,0.10958904109589,3,0
204.65076310416,-17.3950585567094,-3.85639163838388,0.10958904109589,3,0
204.810024398405,-17.3264956724799,-4.00013671445033,0.10958904109589,3,0
204.969285692649,-17.2554345332189,-4.14266331012337,0.10958904109589,3,0
205.128546986894,-17.1818967848377,-4.28392801042125,0.10958904109589,3,0
205.287808281138,-17.105904827647,-4.42388778474783,0.10958904109589,3,0
205.447069575383,-17.027481809533,-4.56249999999999,0.10958904109589,3,0
205.606330869627,-16.9466516189068,-4.69972243355424,0.10958904109589,3,0
205.765592163871,-16.8634388774274,-4.835513286128,0.10958904109589,3,0
205.924853458116,-16.777868932502,-4.96983119451212,0.10958904109589,3,0
206.08411475236,-16.6899678495648,-5.10263524417056,0.10958904109589,3,0
206.243376046605,-16.599762404137,-5.2338849817033,0.10958904109589,3,0
206.402637340849,-16.5072800736714,-5.36354042716881,0.10958904109589,3,0
206.561898635094,-16.4125490291815,-5.49156208626244,0.10958904109589,3,0
206.721159929338,-16.3155981266613,-5.61791096234663,0.10958904109589,3,0
206.880421223583,-16.2164568982949,-5.74254856832977,0.10958904109589,3,0
207.039682517827,-16.1151555434607,-5.86543693838968,0.10958904109589,3,0
207.198943812072,-16.0117249195328,-5.98653863953838,0.10958904109589,3,0
207.358205106316,-15.9061965324812,-6.10581678302458,0.10958904109589,3,0
207.517466400561,-15.7986025272749,-6.22323503557029,0.10958904109589,3,0
207.676727694805,-15.6889756780902,-6.33875763043835,0.10958904109589,3,0
207.83598898905,-15.5773493783272,-6.45234937832725,0.10958904109589,3,0
207.995250283294,-15.4637576304384,-6.56397567809019,0.10958904109589,3,0
208.154511577539,-15.3482350355703,-6.67360252727493,0.10958904109589,3,0
208.313772871783,-15.2308167830246,-6.78119653248122,0.10958904109589,3,0
208.473034166028,-15.1115386395384,-6.88672491953279,0.10958904109589,3,0
208.632295460272,-14.9904369383897,-6.99015554346068,0.10958904109589,3,0
208.791556754517,-14.8675485683298,-7.09145689829486,0.10958904109589,3,0
208.950818048761,-14.7429109623466,-7.19059812666134,0.10958904109589,3,0
209.110079343006,-14.6165620862624,-7.28754902918155,0.10958904109589,3,0
209.26934063725,-14.4885404271688,-7.38228007367139,0.10958904109589,3,0
209.428601931495,-14.3588849817033,-7.47476240413705,0.10958904109589,3,0
209.587863225739,-14.2276352441706,-7.56496784956475,0.10958904109589,3,0
209.747124519984,-14.0948311945121,-7.65286893250199,0.10958904109589,3,0
209.906385814228,-13.960513286128,-7.73843887742739,0.10958904109589,3,0
210.065647108473,-13.8247224335542,-7.82165161890677,0.10958904109589,3,0
210.224908402717,-13.6875,-7.902481809533,0.10958904109589,3,0
210.384169696961,-13.5488877847478,-7.98090482764698,0.10958904109589,3,0
210.543430991206,-13.4089280104213,-8.05689678483771,0.10958904109589,3,0
210.70269228545,-13.2676633101234,-8.13043453321886,0.10958904109589,3,0
210.861953579695,-13.1251367144503,-8.2014956724799,0.10958904109589,3,0
211.021214873939,-12.9813916383839,-8.27005855670943,0.10958904109589,3,0
211.180476168184,-12.8364718680667,-8.33610230098873,0.10958904109589,3,0
211.339737462428,-12.6904215474646,-8.39960678775352,0.10958904109589,3,0
211.498998756673,-12.5432851649202,-8.46055267292194,0.10958904109589,3,0
211.658260050917,-12.3951075396009,-8.51892139178696,0.10958904109589,3,0
211.817521345162,-12.2459338078467,-8.57469516467141,0.10958904109589,3,0
211.976782639406,-12.0958094094215,-8.62785700234377,0.10958904109589,3,0
212.136043933651,-11.9447800736714,-8.67839071119328,0.10958904109589,3,0
212.295305227895,-11.792891805595,-8.7262808981627,0.10958904109589,3,0
212.45456652214,-11.6401908718301,-8.77151297543716,0.10958904109589,3,0
212.613827816384,-11.4867237865605,-8.81407316488775,0.10958904109589,3,0
212.773089110629,-11.332537297347,-8.85394850226847,0.10958904109589,3,0
212.932350404873,-11.1776783708878,-8.89112684116527,0.10958904109589,3,0
213.091611699118,-11.0221941787121,-8.92559685669598,0.10958904109589,3,0
213.250872993362,-10.866132082811,-8.95734804895993,0.10958904109589,3,0
213.410134287607,-10.7095396212107,-8.9863707462364,0.10958904109589,3,0
213.569395581851,-10.5524644934921,-9.01265610793063,0.10958904109589,3,0
213.728656876096,-10.3949545462606,-9.03619612726683,0.10958904109589,3,0
213.88791817034,-10.237057758572,-9.05698363372706,0.10958904109589,3,0
214.047179464585,-10.0788222273173,-9.07501229523549,0.10958904109589,3,0
214.206440758829,-9.92029615257238,-9.09027662008718,0.10958904109589,3,0
214.365702053074,-9.76152782291514,-9.1027719586209,0.10958904109589,3,0
214.524963347318,-9.60256560071687,-9.11249450463549,0.10958904109589,3,0
214.684224641563,-9.44345790741032,-9.11944129654925,0.10958904109589,3,0
214.843485935807,-9.28425320874021,-9.12361021830207,0.10958904109589,3,0
215.002747230051,-9.125,-9.125,0.10958904109589,3,0
215.162008524296,-8.96574679125979,-9.12361021830207,0.10958904109589,3,0
215.32126981854,-8.80654209258969,-9.11944129654925,0.10958904109589,3,0
215.480531112785,-8.64743439928314,-9.11249450463549,0.10958904109589,3,0
215.639792407029,-8.48847217708485,-9.1027719586209,0.10958904109589,3,0
215.799053701274,-8.32970384742762,-9.09027662008718,0.10958904109589,3,0
215.958314995518,-8.17117777268266,-9.07501229523549,0.10958904109589,3,0
216.117576289763,-8.01294224142804,-9.05698363372706,0.10958904109589,3,0
216.276837584007,-7.8550454537394,-9.03619612726683,0.10958904109589,3,0
216.436098878252,-7.69753550650789,-9.01265610793063,0.10958904109589,3,0
216.595360172496,-7.54046037878927,-8.9863707462364,0.10958904109589,3,0
216.754621466741,-7.38386791718903,-8.95734804895993,0.10958904109589,3,0
216.913882760985,-7.22780582128796,-8.92559685669598,0.10958904109589,3,0
217.07314405523,-7.07232162911223,-8.89112684116527,0.10958904109589,3,0
217.232405349474,-6.91746270265303,-8.85394850226847,0.10958904109589,3,0
217.391666643719,-6.7632762134395,-8.81407316488775,0.10958904109589,3,0
217.550927937963,-6.60980912816988,-8.77151297543716,0.10958904109589,3,0
217.710189232208,-6.45710819440502,-8.7262808981627,0.10958904109589,3,0
217.869450526452,-6.30521992632861,-8.67839071119328,0.10958904109589,3,0
218.028711820697,-6.15419059057844,-8.62785700234376,0.10958904109589,3,0
218.187973114941,-6.00406619215328,-8.57469516467142,0.10958904109589,3,0
218.347234409186,-5.85489246039914,-8.51892139178697,0.10958904109589,3,0
218.50649570343,-5.7067148350798,-8.46055267292193,0.10958904109589,3,0
218.665756997675,-5.55957845253538,-8.39960678775352,0.10958904109589,3,0
218.825018291919,-5.41352813193332,-8.33610230098873,0.10958904109589,3,0
218.984279586164,-5.26860836161613,-8.27005855670943,0.10958904109589,3,0
219.143540880408,-5.12486328554967,-8.2014956724799,0.10958904109589,3,0
219.302802174652,-4.98233668987663,-8.13043453321886,0.10958904109589,3,0
219.462063468897,-4.84107198957875,-8.05689678483771,0.10958904109589,3,0
219.621324763141,-4.70111221525217,-7.98090482764699,0.10958904109589,3,0
219.780586057386,-4.56250000000001,-7.90248180953301,0.10958904109589,3,0
219.93984735163,-4.42527756644576,-7.82165161890678,0.10958904109589,3,0
220.099108645875,-4.289486713872,-7.73843887742739,0.10958904109589,3,0
220.258369940119,-4.15516880548788,-7.652868932502,0.10958904109589,3,0
220.417631234364,-4.02236475582944,-7.56496784956476,0.10958904109589,3,0
220.576892528608,-3.8911150182967,-7.47476240413705,0.10958904109589,3,0
220.736153822853,-3.76145957283119,-7.3822800736714,0.10958904109589,3,0
220.895415117097,-3.63343791373756,-7.28754902918155,0.10958904109589,3,0
221.054676411342,-3.50708903765337,-7.19059812666134,0.10958904109589,3,0
221.213937705586,-3.38245143167024,-7.09145689829486,0.10958904109589,3,0
221.373198999831,-3.25956306161033,-6.99015554346067,0.10958904109589,3,0
221.532460294075,-3.13846136046163,-6.8867249195328,0.10958904109589,3,0
221.69172158832,-3.01918321697542,-6.78119653248122,0.10958904109589,3,0
221.850982882564,-2.90176496442971,-6.67360252727494,0.10958904109589,3,0
222.010244176809,-2.78624236956165,-6.56397567809019,0.10958904109589,3,0
222.169505471053,-2.67265062167275,-6.45234937832724,0.10958904109589,3,0
222.328766765298,-2.56102432190981,-6.33875763043835,0.10958904109589,3,0
222.488028059542,-2.45139747272507,-6.2232350355703,0.10958904109589,3,0
222.647289353787,-2.34380346751878,-6.10581678302459,0.10958904109589,3,0
222.806550648031,-2.23827508046721,-5.98653863953838,0.10958904109589,3,0
222.965811942276,-2.13484445653932,-5.86543693838967,0.10958904109589,3,0
223.12507323652,-2.03354310170515,-5.74254856832977,0.10958904109589,3,0
223.284334530765,-1.93440187333866,-5.61791096234663,0.10958904109589,3,0
223.443595825009,-1.83745097081845,-5.49156208626244,0.10958904109589,3,0
223.602857119254,-1.74271992632861,-5.36354042716882,0.10958904109589,3,0
223.762118413498,-1.65023759586295,-5.23388498170329,0.10958904109589,3,0
223.921379707742,-1.56003215043525,-5.10263524417057,0.10958904109589,3,0
224.080641001987,-1.47213106749801,-4.96983119451212,0.10958904109589,3,0
224.239902296231,-1.38656112257261,-4.83551328612799,0.10958904109589,3,0
224.399163590476,-1.30334838109323,-4.69972243355425,0.10958904109589,3,0
224.55842488472,-1.222518190467,-4.5625,0.10958904109589,3,0
224.717686178965,-1.14409517235302,-4.42388778474783,0.10958904109589,3,0
224.876947473209,-1.06810321516229,-4.28392801042126,0.10958904109589,3,0
225.036208767454,-0.994565466781141,-4.14266331012336,0.10958904109589,3,0
225.195470061698,-0.923504327520105,-4.00013671445034,0.10958904109589,3,0
225.354731355943,-0.854941443290569,-3.85639163838388,0.10958904109589,3,0
225.513992650187,-0.788897699011271,-3.71147186806669,0.10958904109589,3,0
225.673253944432,-0.725393212246484,-3.56542154746463,0.10958904109589,3,0
225.832515238676,-0.664447327078063,-3.41828516492019,0.10958904109589,3,0
225.991776532921,-0.606078608213036,-3.27010753960087,0.10958904109589,3,0
226.151037827165,-0.550304835328587,-3.12093380784673,0.10958904109589,3,0
226.31029912141,-0.497142997656233,-2.97080940942155,0.10958904109589,3,0
226.469560415654,-0.446609288806725,-2.8197800736714,0.10958904109589,3,0
226.628821709899,-0.398719101837301,-2.66789180559497,0.10958904109589,3,0
226.788083004143,-0.353487024562842,-2.51519087183013,0.10958904109589,3,0
226.947344298388,-0.310926835112253,-2.3617237865605,0.10958904109589,3,0
227.106605592632,-0.271051497731531,-2.20753729734696,0.10958904109589,3,0
227.265866886877,-0.233873158834729,-2.05267837088777,0.10958904109589,3,0
227.425128181121,-0.199403143304023,-1.89719417871205,0.10958904109589,3,0
227.584389475366,-0.167651951040067,-1.74113208281098,0.10958904109589,3,0
227.74365076961,-0.138629253763602,-1.58453962121074,0.10958904109589,3,0
227.902912063855,-0.112343892069369,-1.4274644934921,0.10958904109589,3,0
228.062173358099,-0.0888038727331715,-1.2699545462606,0.10958904109589,3,0
228.221434652344,-0.0680163662729374,-1.11205775857197,0.10958904109589,3,0
228.380695946588,-0.0499877047645079,-0.953822227317348,0.10958904109589,3,0
228.539957240832,-0.0347233799128226,-0.795296152572384,0.10958904109589,3,0
228.699218535077,-0.0222280413791029,-0.636527822915141,0.10958904109589,3,0
228.858479829321,-0.012505495364513,-0.47756560071687,0.10958904109589,3,0
229.017741123566,-0.00555870345075071,-0.318457907410322,0.10958904109589,3,0
229.17700241781,-0.00138978169792914,-0.159253208740207,0.10958904109589,3,0
229.336263712055,0,-4.46996081688784e-15,0.10958904109589,3,0
